-- --------------------------------------------------------
-- Host:                         47.245.91.25
-- Server version:               8.0.40-0ubuntu0.22.04.1 - (Ubuntu)
-- Server OS:                    Linux
-- HeidiSQL Version:             12.8.0.6908
-- --------------------------------------------------------

/*!40101 SET @OLD_CHARACTER_SET_CLIENT=@@CHARACTER_SET_CLIENT */;
/*!40101 SET NAMES utf8 */;
/*!50503 SET NAMES utf8mb4 */;
/*!40103 SET @OLD_TIME_ZONE=@@TIME_ZONE */;
/*!40103 SET TIME_ZONE='+00:00' */;
/*!40014 SET @OLD_FOREIGN_KEY_CHECKS=@@FOREIGN_KEY_CHECKS, FOREIGN_KEY_CHECKS=0 */;
/*!40101 SET @OLD_SQL_MODE=@@SQL_MODE, SQL_MODE='NO_AUTO_VALUE_ON_ZERO' */;
/*!40111 SET @OLD_SQL_NOTES=@@SQL_NOTES, SQL_NOTES=0 */;


-- Dumping database structure for wearItnow
CREATE DATABASE IF NOT EXISTS `wearItnow` /*!40100 DEFAULT CHARACTER SET utf8mb4 COLLATE utf8mb4_0900_ai_ci */ /*!80016 DEFAULT ENCRYPTION='N' */;
USE `wearItnow`;

-- Dumping structure for table wearItnow.carts
CREATE TABLE IF NOT EXISTS `carts` (
  `cart_id` bigint NOT NULL AUTO_INCREMENT,
  `created_at` datetime(6) DEFAULT NULL,
  `created_by` varchar(255) DEFAULT NULL,
  `deleted` bit(1) NOT NULL,
  `updated_at` datetime(6) DEFAULT NULL,
  `updated_by` varchar(255) DEFAULT NULL,
  `user_user_id` bigint DEFAULT NULL,
  PRIMARY KEY (`cart_id`),
  KEY `FKmuvcfw4jxigtiofyll24silpp` (`user_user_id`),
  CONSTRAINT `FKmuvcfw4jxigtiofyll24silpp` FOREIGN KEY (`user_user_id`) REFERENCES `users` (`user_id`)
) ENGINE=InnoDB AUTO_INCREMENT=34 DEFAULT CHARSET=utf8mb4 COLLATE=utf8mb4_0900_ai_ci;

-- Dumping data for table wearItnow.carts: ~5 rows (approximately)
DELETE FROM `carts`;
INSERT INTO `carts` (`cart_id`, `created_at`, `created_by`, `deleted`, `updated_at`, `updated_by`, `user_user_id`) VALUES
	(21, '2024-11-17 20:43:52.543907', NULL, b'0', '2024-11-17 20:43:52.543918', NULL, 17),
	(22, '2024-11-18 19:48:19.283457', NULL, b'0', '2024-11-18 19:48:19.283470', NULL, 3),
	(27, '2024-11-22 14:14:20.310453', NULL, b'0', '2024-11-22 14:14:20.310462', NULL, 7),
	(29, '2024-11-22 16:26:57.629963', NULL, b'0', '2024-11-22 16:26:57.629970', NULL, 1),
	(33, '2024-11-22 23:44:01.952457', NULL, b'0', '2024-11-22 23:44:01.952462', NULL, 15);

-- Dumping structure for table wearItnow.cart_items
CREATE TABLE IF NOT EXISTS `cart_items` (
  `cart_item_id` bigint NOT NULL AUTO_INCREMENT,
  `color` varchar(255) DEFAULT NULL,
  `product_id` bigint DEFAULT NULL,
  `quantity` int NOT NULL,
  `size` varchar(255) DEFAULT NULL,
  `cart_id` bigint DEFAULT NULL,
  PRIMARY KEY (`cart_item_id`),
  KEY `FKpcttvuq4mxppo8sxggjtn5i2c` (`cart_id`),
  CONSTRAINT `FKpcttvuq4mxppo8sxggjtn5i2c` FOREIGN KEY (`cart_id`) REFERENCES `carts` (`cart_id`)
) ENGINE=InnoDB AUTO_INCREMENT=57 DEFAULT CHARSET=utf8mb4 COLLATE=utf8mb4_0900_ai_ci;

-- Dumping data for table wearItnow.cart_items: ~7 rows (approximately)
DELETE FROM `cart_items`;
INSERT INTO `cart_items` (`cart_item_id`, `color`, `product_id`, `quantity`, `size`, `cart_id`) VALUES
	(35, 'Red', 18, 1, 'S', 21),
	(36, 'Red', 18, 1, 'S', 22),
	(37, 'Red', 18, 1, 'M', 22),
	(38, '#db8fcd', 18, 1, 'M', 22),
	(47, 'Olive', 18, 1, 'XXL', 27),
	(50, 'Red', 20, 2, 'L', 29),
	(56, 'Red', 21, 1, 'XXL', 33);

-- Dumping structure for table wearItnow.categories
CREATE TABLE IF NOT EXISTS `categories` (
  `category_id` bigint NOT NULL AUTO_INCREMENT,
  `created_at` datetime(6) DEFAULT NULL,
  `created_by` varchar(255) DEFAULT NULL,
  `deleted` bit(1) NOT NULL,
  `updated_at` datetime(6) DEFAULT NULL,
  `updated_by` varchar(255) DEFAULT NULL,
  `description` varchar(255) DEFAULT NULL,
  `image` varchar(255) DEFAULT NULL,
  `name` varchar(255) DEFAULT NULL,
  `slug` varchar(255) DEFAULT NULL,
  `status` bit(1) DEFAULT NULL,
  `parent_id` bigint DEFAULT NULL,
  `supplier_id` bigint NOT NULL,
  PRIMARY KEY (`category_id`),
  KEY `FKsaok720gsu4u2wrgbk10b5n8d` (`parent_id`),
  KEY `FK1bae5fr81rmpqdhm707b9th6` (`supplier_id`),
  CONSTRAINT `FK1bae5fr81rmpqdhm707b9th6` FOREIGN KEY (`supplier_id`) REFERENCES `suppliers` (`supplier_id`),
  CONSTRAINT `FKsaok720gsu4u2wrgbk10b5n8d` FOREIGN KEY (`parent_id`) REFERENCES `categories` (`category_id`)
) ENGINE=InnoDB AUTO_INCREMENT=10 DEFAULT CHARSET=utf8mb4 COLLATE=utf8mb4_0900_ai_ci;

-- Dumping data for table wearItnow.categories: ~5 rows (approximately)
DELETE FROM `categories`;
INSERT INTO `categories` (`category_id`, `created_at`, `created_by`, `deleted`, `updated_at`, `updated_by`, `description`, `image`, `name`, `slug`, `status`, `parent_id`, `supplier_id`) VALUES
	(1, '2024-11-05 10:00:00.000000', 'admin', b'0', NULL, NULL, 'Danh mục thời trang nam, bao gồm áo quần, giày dép...', 'fashion_men.jpg', 'Thời Trang Nam', 'thoi-trang-nam', b'1', NULL, 1),
	(2, NULL, 'admin', b'0', NULL, NULL, 'test danh mục', 'aa.jpg', 'Thời Trang Nữ', 'thoi-trang-nu', b'1', NULL, 1),
	(7, '2024-11-22 16:33:13.542452', 'admin', b'1', '2024-11-22 16:33:13.542462', 'admin', 'test', NULL, 'Quần Dài Nam', 'quan-dai-nam', b'1', 1, 1),
	(8, '2024-11-22 17:32:21.692182', 'admin', b'1', '2024-11-22 17:32:21.692206', 'admin', '18888', NULL, 'Thời Trang cho trẻ', 'thoi-trang-tre', b'1', NULL, 4),
	(9, '2024-11-22 16:43:55.386691', NULL, b'0', '2024-11-22 16:43:55.386691', NULL, 'test.', NULL, 'Quần Jean Nam', 'quan-jean-nam', NULL, 1, 1);

-- Dumping structure for table wearItnow.discount_codes
CREATE TABLE IF NOT EXISTS `discount_codes` (
  `id` bigint NOT NULL AUTO_INCREMENT,
  `created_at` datetime(6) DEFAULT NULL,
  `created_by` varchar(255) DEFAULT NULL,
  `deleted` bit(1) NOT NULL,
  `updated_at` datetime(6) DEFAULT NULL,
  `updated_by` varchar(255) DEFAULT NULL,
  `amount` decimal(38,2) NOT NULL,
  `code` varchar(255) NOT NULL,
  `end_date` datetime(6) NOT NULL,
  `min_order_value` decimal(38,2) DEFAULT NULL,
  `start_date` datetime(6) NOT NULL,
  `status` enum('ACTIVE','INACTIVE') NOT NULL,
  `type` enum('FIXED','PERCENTAGE') NOT NULL,
  `usage_limit` bigint DEFAULT NULL,
  `user_group_id` bigint DEFAULT NULL,
  PRIMARY KEY (`id`),
  UNIQUE KEY `UKekkk9piidfon0rluedtqr82uv` (`code`),
  KEY `FKnck3wibgxr1yav4u02ubj8qw7` (`user_group_id`),
  CONSTRAINT `FKnck3wibgxr1yav4u02ubj8qw7` FOREIGN KEY (`user_group_id`) REFERENCES `user_groups` (`id`)
) ENGINE=InnoDB AUTO_INCREMENT=8 DEFAULT CHARSET=utf8mb4 COLLATE=utf8mb4_0900_ai_ci;

-- Dumping data for table wearItnow.discount_codes: ~4 rows (approximately)
DELETE FROM `discount_codes`;
INSERT INTO `discount_codes` (`id`, `created_at`, `created_by`, `deleted`, `updated_at`, `updated_by`, `amount`, `code`, `end_date`, `min_order_value`, `start_date`, `status`, `type`, `usage_limit`, `user_group_id`) VALUES
	(4, '2024-11-08 23:18:06.831516', NULL, b'0', '2024-11-15 18:51:19.751154', NULL, 30.00, 'GIAMGIA30%', '2024-12-08 00:00:00.000000', 100000.00, '2024-11-08 00:00:00.000000', 'ACTIVE', 'PERCENTAGE', 10, 2),
	(5, '2024-11-08 23:18:20.060830', NULL, b'0', '2024-11-15 18:51:52.089615', NULL, 30000.00, 'GIAMGIA30K', '2024-12-08 00:00:00.000000', 100000.00, '2024-11-08 00:00:00.000000', 'ACTIVE', 'FIXED', 9, 2),
	(6, '2024-11-10 16:35:16.732743', NULL, b'0', '2024-11-10 16:31:56.025664', NULL, 30000.00, 'GIAMGIA30KFORALL', '2024-12-08 00:00:00.000000', 100000.00, '2024-11-08 00:00:00.000000', 'ACTIVE', 'FIXED', 10, 2),
	(7, '2024-11-10 17:06:56.499513', NULL, b'0', '2024-11-11 11:10:28.416306', NULL, 30.00, 'GIAMGIA30%FORALL', '2024-12-08 00:00:00.000000', 100000.00, '2024-11-08 00:00:00.000000', 'ACTIVE', 'PERCENTAGE', 10, 2);

-- Dumping structure for table wearItnow.discount_code_users
CREATE TABLE IF NOT EXISTS `discount_code_users` (
  `discount_code_id` bigint NOT NULL,
  `user_id` bigint NOT NULL,
  PRIMARY KEY (`discount_code_id`,`user_id`),
  KEY `FKoxrjbcxkykat33768wtirmq51` (`user_id`),
  CONSTRAINT `FKctisrgh9bxyibg1igkwhf8o0g` FOREIGN KEY (`discount_code_id`) REFERENCES `discount_codes` (`id`),
  CONSTRAINT `FKoxrjbcxkykat33768wtirmq51` FOREIGN KEY (`user_id`) REFERENCES `users` (`user_id`)
) ENGINE=InnoDB DEFAULT CHARSET=utf8mb4 COLLATE=utf8mb4_0900_ai_ci;

-- Dumping data for table wearItnow.discount_code_users: ~10 rows (approximately)
DELETE FROM `discount_code_users`;
INSERT INTO `discount_code_users` (`discount_code_id`, `user_id`) VALUES
	(4, 1),
	(5, 1),
	(4, 2),
	(5, 2),
	(4, 3),
	(5, 3),
	(6, 3),
	(7, 3),
	(4, 7),
	(5, 7);

-- Dumping structure for table wearItnow.invalidated_token
CREATE TABLE IF NOT EXISTS `invalidated_token` (
  `id` varchar(255) NOT NULL,
  `expiry_time` datetime(6) DEFAULT NULL,
  PRIMARY KEY (`id`)
) ENGINE=InnoDB DEFAULT CHARSET=utf8mb4 COLLATE=utf8mb4_0900_ai_ci;

-- Dumping data for table wearItnow.invalidated_token: ~0 rows (approximately)
DELETE FROM `invalidated_token`;

-- Dumping structure for table wearItnow.invoices
CREATE TABLE IF NOT EXISTS `invoices` (
  `invoice_id` bigint NOT NULL AUTO_INCREMENT,
  `created_at` datetime(6) DEFAULT NULL,
  `created_by` varchar(255) DEFAULT NULL,
  `deleted` bit(1) NOT NULL,
  `updated_at` datetime(6) DEFAULT NULL,
  `updated_by` varchar(255) DEFAULT NULL,
  `invoice_number` varchar(255) DEFAULT NULL,
  `total_amount` double DEFAULT NULL,
  `order_id` bigint NOT NULL,
  PRIMARY KEY (`invoice_id`),
  KEY `FK4ko3y00tkkk2ya3p6wnefjj2f` (`order_id`),
  CONSTRAINT `FK4ko3y00tkkk2ya3p6wnefjj2f` FOREIGN KEY (`order_id`) REFERENCES `orders` (`order_id`)
) ENGINE=InnoDB DEFAULT CHARSET=utf8mb4 COLLATE=utf8mb4_0900_ai_ci;

-- Dumping data for table wearItnow.invoices: ~0 rows (approximately)
DELETE FROM `invoices`;

-- Dumping structure for table wearItnow.notifications
CREATE TABLE IF NOT EXISTS `notifications` (
  `id` bigint NOT NULL AUTO_INCREMENT,
  `message` varchar(255) DEFAULT NULL,
  `status` varchar(255) DEFAULT NULL,
  `type` varchar(255) DEFAULT NULL,
  `user_id` bigint DEFAULT NULL,
  PRIMARY KEY (`id`),
  KEY `FK9y21adhxn0ayjhfocscqox7bh` (`user_id`),
  CONSTRAINT `FK9y21adhxn0ayjhfocscqox7bh` FOREIGN KEY (`user_id`) REFERENCES `users` (`user_id`)
) ENGINE=InnoDB AUTO_INCREMENT=42 DEFAULT CHARSET=utf8mb4 COLLATE=utf8mb4_0900_ai_ci;

-- Dumping data for table wearItnow.notifications: ~41 rows (approximately)
DELETE FROM `notifications`;
INSERT INTO `notifications` (`id`, `message`, `status`, `type`, `user_id`) VALUES
	(1, 'Có thông báo', 'read', NULL, 1),
	(2, 'Có đơn hàng mới cần xác nhận.', 'unread', 'order_confirmation', 1),
	(3, 'Có đơn hàng mới cần xác nhận.', 'unread', 'order_confirmation', 1),
	(4, 'Có đơn hàng mới cần xác nhận.', 'unread', 'order_confirmation', 1),
	(5, 'Có đơn hàng mới cần xác nhận.', 'unread', 'order_confirmation', 1),
	(6, 'Có đơn hàng mới cần xác nhận.', 'unread', 'order_confirmation', 1),
	(7, 'Có đơn hàng mới cần xác nhận.', 'unread', 'order_confirmation', 1),
	(8, 'Có đơn hàng mới cần xác nhận.', 'unread', 'order_confirmation', 1),
	(9, 'Có đơn hàng mới cần xác nhận.', 'unread', 'order_confirmation', 1),
	(10, 'Có đơn hàng mới cần xác nhận.', 'unread', 'order_confirmation', 1),
	(11, 'Có đơn hàng mới cần xác nhận.', 'unread', 'order_confirmation', 1),
	(12, 'Có đơn hàng mới cần xác nhận.', 'unread', 'order_confirmation', 1),
	(13, 'Có đơn hàng mới cần xác nhận.', 'unread', 'order_confirmation', 1),
	(14, 'Có đơn hàng mới cần xác nhận.', 'unread', 'order_confirmation', 1),
	(15, 'Có đơn hàng mới cần xác nhận.', 'unread', 'order_confirmation', 1),
	(16, 'Có đơn hàng mới cần xác nhận.', 'unread', 'order_confirmation', 1),
	(17, 'Có đơn hàng mới cần xác nhận.', 'unread', 'order_confirmation', 1),
	(18, 'Có đơn hàng mới cần xác nhận.', 'unread', 'order_confirmation', 1),
	(19, 'Có đơn hàng mới cần xác nhận.', 'unread', 'order_confirmation', 1),
	(20, 'Có đơn hàng mới cần xác nhận.', 'unread', 'order_confirmation', 1),
	(21, 'Có đơn hàng mới cần xác nhận.', 'unread', 'order_confirmation', 1),
	(22, 'Có đơn hàng mới cần xác nhận.', 'unread', 'order_confirmation', 1),
	(23, 'Có đơn hàng mới cần xác nhận.', 'unread', 'order_confirmation', 1),
	(24, 'Có đơn hàng mới cần xác nhận.', 'unread', 'order_confirmation', 1),
	(25, 'Có đơn hàng mới cần xác nhận.', 'unread', 'order_confirmation', 1),
	(26, 'Có đơn hàng mới cần xác nhận.', 'unread', 'order_confirmation', 1),
	(27, 'Có đơn hàng mới cần xác nhận.', 'unread', 'order_confirmation', 1),
	(28, 'Có đơn hàng mới cần xác nhận.', 'unread', 'order_confirmation', 1),
	(29, 'Có đơn hàng mới cần xác nhận.', 'unread', 'order_confirmation', 1),
	(30, 'Có đơn hàng mới cần xác nhận.', 'unread', 'order_confirmation', 1),
	(31, 'Có đơn hàng mới cần xác nhận.', 'unread', 'order_confirmation', 1),
	(32, 'Có đơn hàng mới cần xác nhận.', 'unread', 'order_confirmation', 1),
	(33, 'Có đơn hàng mới cần xác nhận.', 'unread', 'order_confirmation', 1),
	(34, 'Có đơn hàng mới cần xác nhận.', 'unread', 'order_confirmation', 1),
	(35, 'Có đơn hàng mới cần xác nhận.', 'unread', 'order_confirmation', 1),
	(36, 'Có đơn hàng mới cần xác nhận.', 'unread', 'order_confirmation', 1),
	(37, 'Có đơn hàng mới cần xác nhận.', 'unread', 'order_confirmation', 1),
	(38, 'Có đơn hàng mới cần xác nhận.', 'unread', 'order_confirmation', 1),
	(39, 'Có đơn hàng mới cần xác nhận.', 'unread', 'order_confirmation', 1),
	(40, 'Có đơn hàng mới cần xác nhận.', 'unread', 'order_confirmation', 1),
	(41, 'Có đơn hàng mới cần xác nhận.', 'unread', 'order_confirmation', 1);

-- Dumping structure for table wearItnow.orders
CREATE TABLE IF NOT EXISTS `orders` (
  `order_id` bigint NOT NULL AUTO_INCREMENT,
  `created_at` datetime(6) DEFAULT NULL,
  `created_by` varchar(255) DEFAULT NULL,
  `deleted` bit(1) NOT NULL,
  `updated_at` datetime(6) DEFAULT NULL,
  `updated_by` varchar(255) DEFAULT NULL,
  `order_amount` decimal(38,2) DEFAULT NULL,
  `order_total` decimal(38,2) DEFAULT NULL,
  `order_code` varchar(255) DEFAULT NULL,
  `shipping_fee` decimal(38,2) DEFAULT NULL,
  `status` varchar(255) DEFAULT NULL,
  `payment_id` bigint DEFAULT NULL,
  `user_id` bigint DEFAULT NULL,
  `discount_amount` decimal(38,2) DEFAULT NULL,
  `expected_delivery_time` varchar(255) DEFAULT NULL,
  PRIMARY KEY (`order_id`),
  UNIQUE KEY `UKhaujdjk1ohmeixjhnhslchrp1` (`payment_id`),
  KEY `FK32ql8ubntj5uh44ph9659tiih` (`user_id`),
  CONSTRAINT `FK32ql8ubntj5uh44ph9659tiih` FOREIGN KEY (`user_id`) REFERENCES `users` (`user_id`),
  CONSTRAINT `FK8aol9f99s97mtyhij0tvfj41f` FOREIGN KEY (`payment_id`) REFERENCES `payments` (`payment_id`)
) ENGINE=InnoDB AUTO_INCREMENT=282 DEFAULT CHARSET=utf8mb4 COLLATE=utf8mb4_0900_ai_ci;

-- Dumping data for table wearItnow.orders: ~61 rows (approximately)
DELETE FROM `orders`;
INSERT INTO `orders` (`order_id`, `created_at`, `created_by`, `deleted`, `updated_at`, `updated_by`, `order_amount`, `order_total`, `order_code`, `shipping_fee`, `status`, `payment_id`, `user_id`, `discount_amount`, `expected_delivery_time`) VALUES
	(28, '2024-11-07 18:31:34.715151', NULL, b'0', '2024-11-07 18:31:36.717108', NULL, 42399.98, 20399.98, 'LDK8MX', 22000.00, 'PENDING', 1, NULL, NULL, NULL),
	(31, '2024-11-07 20:16:46.956322', NULL, b'0', '2024-11-07 20:16:48.845087', NULL, 42399.98, 20399.98, 'LDK8E6', 22000.00, 'PENDING', 4, NULL, NULL, NULL),
	(36, '2024-11-07 20:41:48.774917', NULL, b'0', '2024-11-07 20:41:53.172942', NULL, 20699.99, 199.99, 'LDK8ED', 20500.00, 'PENDING', 5, NULL, NULL, NULL),
	(143, '2024-11-10 14:01:11.690351', NULL, b'0', '2024-11-10 14:01:13.208749', NULL, 382000.00, 360000.00, 'LDT96K', 22000.00, 'PENDING', 6, NULL, 0.00, NULL),
	(144, '2024-11-10 14:32:42.602721', NULL, b'0', '2024-11-10 14:32:44.166699', NULL, 140500.00, 120000.00, 'LDT96A', 20500.00, 'PENDING', 7, NULL, 0.00, NULL),
	(145, '2024-11-10 15:08:01.460404', NULL, b'0', '2024-11-15 16:38:22.164641', NULL, 622000.00, 600000.00, 'LDT96R', 22000.00, 'DELIVERED', 8, 7, 0.00, NULL),
	(146, '2024-11-10 15:29:24.270904', NULL, b'0', '2024-11-10 15:29:25.905463', NULL, 382000.00, 360000.00, 'LDT9NG', 22000.00, 'PENDING', 9, NULL, 0.00, NULL),
	(147, '2024-11-10 15:32:13.616017', NULL, b'0', '2024-11-10 15:32:15.485557', NULL, 382000.00, 360000.00, 'LDT9NU', 22000.00, 'PENDING', 10, NULL, 0.00, '2024-11-10T23:59:59Z'),
	(159, '2024-11-10 15:53:17.409416', NULL, b'0', '2024-11-10 15:53:19.298196', NULL, 52000.00, 360000.00, 'LDT9NT', 22000.00, 'PENDING', 22, NULL, 330000.00, '2024-11-10T23:59:59Z'),
	(164, '2024-11-10 16:13:52.450956', NULL, b'0', '2024-11-10 16:13:54.302960', NULL, 274000.00, 360000.00, 'LDT9AY', 22000.00, 'PENDING', 27, NULL, 108000.00, '2024-11-10T23:59:59Z'),
	(165, '2024-11-10 16:15:44.624928', NULL, b'0', '2024-11-10 16:15:46.022796', NULL, 382000.00, 360000.00, 'LDT9AR', 22000.00, 'PENDING', 28, NULL, 0.00, '2024-11-10T23:59:59Z'),
	(170, '2024-11-10 16:31:54.109709', NULL, b'0', '2024-11-10 16:31:55.907075', NULL, 352000.00, 360000.00, 'LDT98F', 22000.00, 'PENDING', 33, NULL, 30000.00, '2024-11-10T23:59:59Z'),
	(171, '2024-11-10 16:32:26.416647', NULL, b'0', '2024-11-10 16:32:28.542395', NULL, 274000.00, 360000.00, 'LDT987', 22000.00, 'PENDING', 34, NULL, 108000.00, '2024-11-10T23:59:59Z'),
	(173, '2024-11-10 16:39:29.060768', NULL, b'0', '2024-11-10 16:39:30.619737', NULL, 382000.00, 360000.00, 'LDT98U', 22000.00, 'PENDING', 36, NULL, 0.00, '2024-11-10T23:59:59Z'),
	(175, '2024-11-10 17:47:23.250876', NULL, b'0', '2024-11-10 17:47:25.147539', NULL, 382000.00, 360000.00, 'LDT989', 22000.00, 'PENDING', 37, 2, 0.00, '2024-11-11T23:59:59Z'),
	(176, '2024-11-10 18:15:39.923378', NULL, b'0', '2024-11-14 19:54:20.298488', NULL, 500500.00, 480000.00, 'LDT98X', 20500.00, 'SHIPPED', 38, 7, 0.00, NULL),
	(177, '2024-11-11 11:10:26.246404', NULL, b'0', '2024-11-14 19:49:57.569416', NULL, 274000.00, 360000.00, 'LDTN9W', 22000.00, 'SHIPPED', 39, NULL, 108000.00, '2024-11-11T23:59:59Z'),
	(181, '2024-11-12 23:12:27.857675', NULL, b'0', '2024-11-14 19:46:42.488874', NULL, 258500.00, 340000.00, 'LDTKC6', 20500.00, 'CANCELED', 40, 7, 102000.00, '2024-11-14T23:59:59Z'),
	(182, '2024-11-13 21:49:20.084857', NULL, b'0', '2024-11-14 18:12:18.453895', NULL, 630500.00, 640000.00, 'LDTHTG', 20500.00, 'SHIPPED', 41, 7, 30000.00, '2024-11-15T23:59:59Z'),
	(195, '2024-11-13 22:34:42.430586', NULL, b'0', '2024-11-14 18:10:36.967856', NULL, 322000.00, 300000.00, 'LDTHX7', 22000.00, 'CANCELED', 48, NULL, 0.00, '2024-11-14T23:59:59Z'),
	(196, '2024-11-13 22:47:50.507682', NULL, b'0', '2024-11-14 20:01:05.808916', NULL, 22399.98, 399.98, 'LDTHXG', 22000.00, 'CONFIRMED', 49, NULL, 0.00, '2024-11-14T23:59:59Z'),
	(197, '2024-11-13 23:02:49.670645', NULL, b'0', '2024-11-14 18:09:38.152760', NULL, 22399.98, 399.98, 'LDTHXV', 22000.00, 'DELIVERED', 50, NULL, 0.00, '2024-11-14T23:59:59Z'),
	(198, '2024-11-13 23:10:59.319130', NULL, b'0', '2024-11-14 17:41:26.338275', NULL, 22399.98, 399.98, 'LDTHXB', 22000.00, 'CONFIRMED', 51, NULL, 0.00, '2024-11-14T23:59:59Z'),
	(199, '2024-11-14 20:24:54.173403', NULL, b'0', '2024-11-14 19:58:06.610143', NULL, 272000.00, 250000.00, 'LDTEEY', 22000.00, 'CONFIRMED', 52, 3, 0.00, '2024-11-15T23:59:59Z'),
	(200, '2024-11-14 20:24:55.573931', NULL, b'0', '2024-11-19 03:09:23.174036', NULL, 272000.00, 250000.00, 'LDTEER', 22000.00, 'CANCELED', 53, 3, 0.00, '2024-11-15T23:59:59Z'),
	(201, '2024-11-15 00:27:17.079142', NULL, b'0', '2024-11-15 18:22:16.954495', NULL, 270500.00, 250000.00, 'LDHQLQ', 20500.00, 'DELIVERED', 54, NULL, 0.00, '2024-11-16T23:59:59Z'),
	(206, '2024-11-15 01:56:50.314699', NULL, b'0', '2024-11-15 17:14:55.341241', NULL, 270500.00, 250000.00, 'LDHQNK', 20500.00, 'CANCELED', 55, NULL, 0.00, '2024-11-16T23:59:59Z'),
	(212, '2024-11-15 12:35:48.970405', NULL, b'0', '2024-11-15 18:22:00.117724', NULL, 270500.00, 250000.00, 'LDHCGX', 20500.00, 'DELIVERED', 56, 7, 0.00, '2024-11-17T23:59:59Z'),
	(213, '2024-11-15 18:46:04.366561', NULL, b'0', '2024-11-19 00:08:59.579954', NULL, 472000.00, 450000.00, 'LDHN8R', 22000.00, 'SHIPPED', 57, 3, 0.00, '2024-11-16T23:59:59Z'),
	(215, '2024-11-15 18:51:18.881151', NULL, b'0', '2024-11-18 20:44:11.332200', NULL, 335500.00, 450000.00, 'LDHNYT', 20500.00, 'CANCELED', 58, 3, 135000.00, '2024-11-17T23:59:59Z'),
	(216, '2024-11-15 18:51:51.154074', NULL, b'0', '2024-11-15 18:54:25.316206', NULL, 440500.00, 450000.00, 'LDHNYE', 20500.00, 'SHIPPED', 59, 7, 30000.00, '2024-11-17T23:59:59Z'),
	(217, '2024-11-15 19:03:56.989229', NULL, b'0', '2024-11-18 20:35:45.969665', NULL, 722000.00, 700000.00, 'LDHNE3', 22000.00, 'CANCELED', 60, 3, 0.00, '2024-11-16T23:59:59Z'),
	(218, '2024-11-15 19:08:59.546493', NULL, b'0', '2024-11-15 19:11:33.734487', NULL, 472000.00, 450000.00, 'LDHNEA', 22000.00, 'CONFIRMED', 61, 7, 0.00, '2024-11-16T23:59:59Z'),
	(219, '2024-11-16 22:48:47.689675', NULL, b'0', '2024-11-16 22:48:49.085899', NULL, 270500.00, 250000.00, 'LDHPKR', 20500.00, 'PENDING', 62, 15, 0.00, '2024-11-18T23:59:59Z'),
	(220, '2024-11-17 15:28:39.459690', NULL, b'0', '2024-11-22 16:19:35.602109', NULL, 270500.00, 250000.00, 'LDH3HV', 20500.00, 'CANCELED', 63, 16, 0.00, '2024-11-20T23:59:59Z'),
	(221, '2024-11-17 15:34:48.030692', NULL, b'0', '2024-11-20 18:05:20.277176', NULL, 270500.00, 250000.00, 'LDH3H6', 20500.00, 'CANCELED', 64, 16, 0.00, '2024-11-20T23:59:59Z'),
	(223, '2024-11-17 14:54:45.480613', NULL, b'0', '2024-11-17 14:54:48.296268', NULL, 1022000.00, 1000000.00, 'LDH3HP', 22000.00, 'PENDING', 65, 1, 0.00, '2024-11-17T23:59:59Z'),
	(224, '2024-11-17 18:35:29.071796', NULL, b'0', '2024-11-20 11:58:26.981475', NULL, 120500.00, 100000.00, 'LDH49W', 20500.00, 'CONFIRMED', 66, 16, 0.00, '2024-11-20T23:59:59Z'),
	(234, '2024-11-21 13:26:58.334251', NULL, b'0', '2024-11-21 13:27:01.606382', NULL, 320500.00, 300000.00, 'LDXVN6', 20500.00, 'PENDING', 67, 15, 0.00, '2024-11-23T16:59:59Z'),
	(235, '2024-11-21 14:30:18.063795', NULL, b'0', '2024-11-21 14:30:19.992673', NULL, 122000.00, 100000.00, 'LDXVN4', 22000.00, 'PENDING', 68, NULL, 0.00, '2024-11-22T16:59:59Z'),
	(236, '2024-11-21 14:30:58.852034', NULL, b'0', '2024-11-21 14:31:00.103000', NULL, 120500.00, 100000.00, 'LDXVNK', 20500.00, 'PENDING', 69, NULL, 0.00, '2024-11-23T16:59:59Z'),
	(239, '2024-11-21 17:08:16.882617', NULL, b'0', '2024-11-22 16:51:08.086374', NULL, 570500.00, 550000.00, 'LDX68L', 20500.00, 'CONFIRMED', 70, 15, 0.00, '2024-11-23T16:59:59Z'),
	(246, '2024-11-21 19:31:57.211325', NULL, b'0', '2024-11-21 19:31:59.283306', NULL, 470500.00, 450000.00, 'LDXDMM', 20500.00, 'PENDING', 71, NULL, 0.00, '2024-11-26T16:59:59Z'),
	(253, '2024-11-21 21:14:29.310085', NULL, b'0', '2024-11-21 21:14:30.674745', NULL, 320500.00, 300000.00, 'LDXDED', 20500.00, 'PENDING', 85, NULL, 0.00, '2024-11-25T16:59:59Z'),
	(254, '2024-11-21 21:36:50.597558', NULL, b'0', '2024-11-21 21:36:52.442194', NULL, 120500.00, 100000.00, 'LDXDEP', 20500.00, 'PENDING', 87, NULL, 0.00, '2024-11-25T16:59:59Z'),
	(255, '2024-11-21 21:40:55.256544', NULL, b'0', '2024-11-21 21:40:56.880393', NULL, 120500.00, 100000.00, 'LDXDEB', 20500.00, 'PENDING', 89, NULL, 0.00, '2024-11-24T16:59:59Z'),
	(256, '2024-11-21 21:43:53.902520', NULL, b'0', '2024-11-21 21:43:59.844864', NULL, 120500.00, 100000.00, 'LDXDE3', 20500.00, 'PENDING', 91, NULL, 0.00, '2024-11-26T16:59:59Z'),
	(257, '2024-11-21 21:44:01.078140', NULL, b'0', '2024-11-21 21:44:01.705751', NULL, 120500.00, 100000.00, 'LDXDE4', 20500.00, 'PENDING', 93, NULL, 0.00, '2024-11-26T16:59:59Z'),
	(258, '2024-11-21 21:47:21.350693', NULL, b'0', '2024-11-21 21:47:22.961888', NULL, 120500.00, 100000.00, 'LDXDEK', 20500.00, 'PENDING', 95, NULL, 0.00, '2024-11-26T16:59:59Z'),
	(262, '2024-11-21 21:54:32.287981', NULL, b'0', '2024-11-21 21:54:33.678983', NULL, 1220500.00, 1200000.00, 'LDXDEW', 20500.00, 'PENDING', 97, NULL, 0.00, '2024-11-26T16:59:59Z'),
	(263, '2024-11-21 22:01:09.308573', NULL, b'0', '2024-11-21 22:01:13.980953', NULL, 120500.00, 100000.00, 'LDXDEA', 20500.00, 'PENDING', 99, NULL, 0.00, '2024-11-26T16:59:59Z'),
	(269, '2024-11-22 10:23:42.807029', NULL, b'0', '2024-11-22 10:23:44.228351', NULL, 372000.00, 350000.00, 'LDXBY3', 22000.00, 'PENDING', 101, NULL, 0.00, '2024-11-23T16:59:59Z'),
	(270, '2024-11-22 10:26:10.845250', NULL, b'0', '2024-11-22 10:26:11.958884', NULL, 470500.00, 450000.00, 'LDXBYK', 20500.00, 'PENDING', 102, NULL, 0.00, '2024-11-24T16:59:59Z'),
	(271, '2024-11-22 14:25:49.836185', NULL, b'0', '2024-11-22 14:25:51.637218', NULL, 170500.00, 150000.00, 'LDXT93', 20500.00, 'PENDING', 103, NULL, 0.00, '2024-11-24T16:59:59Z'),
	(272, '2024-11-22 14:30:40.284571', NULL, b'0', '2024-11-22 15:26:17.756902', NULL, 120500.00, 100000.00, 'LDXT9K', 20500.00, 'CANCELED', 104, NULL, 0.00, '2024-11-26T16:59:59Z'),
	(273, '2024-11-22 16:16:15.369416', NULL, b'0', '2024-11-22 16:19:33.552091', NULL, 590500.00, 570000.00, 'LDXHMY', 20500.00, 'CANCELED', 106, 16, 0.00, '2024-11-25T16:59:59Z'),
	(277, '2024-11-22 16:29:25.261592', NULL, b'0', '2024-11-22 16:33:40.786919', NULL, 400500.00, 380000.00, 'LDXHEB', 20500.00, 'CANCELED', 107, 16, 0.00, '2024-11-25T16:59:59Z'),
	(278, '2024-11-22 16:32:22.396929', NULL, b'0', '2024-11-22 16:33:38.087415', NULL, 520500.00, 500000.00, 'LDXHE4', 20500.00, 'CANCELED', 108, 16, 0.00, '2024-11-25T16:59:59Z'),
	(279, '2024-11-22 16:35:05.302182', NULL, b'0', '2024-11-22 16:40:31.739232', NULL, 210500.00, 190000.00, 'LDXHEW', 20500.00, 'CANCELED', 109, 16, 0.00, '2024-11-25T16:59:59Z'),
	(280, '2024-11-22 16:36:56.060962', NULL, b'0', '2024-11-22 16:36:57.329316', NULL, 21500.00, 1000.00, 'LDXHE8', 20500.00, 'PENDING', 111, 16, 0.00, '2024-11-25T16:59:59Z'),
	(281, '2024-11-22 23:42:34.988887', NULL, b'0', '2024-11-22 23:42:37.071143', NULL, 2470500.00, 2450000.00, 'LDXAV7', 20500.00, 'PENDING', 114, 15, 0.00, '2024-11-25T16:59:59Z');

-- Dumping structure for table wearItnow.order_details
CREATE TABLE IF NOT EXISTS `order_details` (
  `order_detail_id` bigint NOT NULL AUTO_INCREMENT,
  `created_at` datetime(6) DEFAULT NULL,
  `created_by` varchar(255) DEFAULT NULL,
  `deleted` bit(1) NOT NULL,
  `updated_at` datetime(6) DEFAULT NULL,
  `updated_by` varchar(255) DEFAULT NULL,
  `color` varchar(255) DEFAULT NULL,
  `price` decimal(38,2) DEFAULT NULL,
  `quantity` int NOT NULL,
  `size` varchar(255) DEFAULT NULL,
  `order_id` bigint DEFAULT NULL,
  `product_id` bigint DEFAULT NULL,
  PRIMARY KEY (`order_detail_id`),
  KEY `FKjyu2qbqt8gnvno9oe9j2s2ldk` (`order_id`),
  KEY `FK4q98utpd73imf4yhttm3w0eax` (`product_id`),
  CONSTRAINT `FK4q98utpd73imf4yhttm3w0eax` FOREIGN KEY (`product_id`) REFERENCES `products` (`product_id`),
  CONSTRAINT `FKjyu2qbqt8gnvno9oe9j2s2ldk` FOREIGN KEY (`order_id`) REFERENCES `orders` (`order_id`)
) ENGINE=InnoDB AUTO_INCREMENT=352 DEFAULT CHARSET=utf8mb4 COLLATE=utf8mb4_0900_ai_ci;

-- Dumping data for table wearItnow.order_details: ~46 rows (approximately)
DELETE FROM `order_details`;
INSERT INTO `order_details` (`order_detail_id`, `created_at`, `created_by`, `deleted`, `updated_at`, `updated_by`, `color`, `price`, `quantity`, `size`, `order_id`, `product_id`) VALUES
	(249, '2024-11-14 20:24:54.181518', NULL, b'0', '2024-11-14 20:24:54.181538', NULL, '#db8fcd', 250000.00, 1, 'M', 199, 18),
	(250, '2024-11-14 20:24:55.579921', NULL, b'0', '2024-11-14 20:24:55.579946', NULL, '#db8fcd', 250000.00, 1, 'M', 200, 18),
	(251, '2024-11-15 00:27:17.084497', NULL, b'0', '2024-11-15 00:27:17.084515', NULL, '#382323', 250000.00, 1, 'XL', 201, 18),
	(260, '2024-11-15 01:56:50.319035', NULL, b'0', '2024-11-15 01:56:50.319048', NULL, '#f5f5f5', 250000.00, 1, 'S', 206, 18),
	(266, '2024-11-15 12:35:48.975616', NULL, b'0', '2024-11-15 12:35:48.975628', NULL, '#cb1a1a', 250000.00, 1, 'M', 212, 18),
	(267, '2024-11-15 18:46:04.377905', NULL, b'0', '2024-11-15 18:46:04.377930', NULL, '#ea1010', 450000.00, 1, 'M', 213, 19),
	(269, '2024-11-15 18:51:18.887478', NULL, b'0', '2024-11-15 18:51:18.887498', NULL, '#ea1010', 450000.00, 1, 'M', 215, 19),
	(270, '2024-11-15 18:51:51.160368', NULL, b'0', '2024-11-15 18:51:51.160393', NULL, '#ea1010', 450000.00, 1, 'M', 216, 19),
	(271, '2024-11-15 19:03:57.000541', NULL, b'0', '2024-11-15 19:03:57.000569', NULL, '#ea1010', 450000.00, 1, 'M', 217, 19),
	(272, '2024-11-15 19:03:57.002601', NULL, b'0', '2024-11-15 19:03:57.002620', NULL, '#cb1a1a', 250000.00, 1, 'M', 217, 18),
	(273, '2024-11-15 19:08:59.552393', NULL, b'0', '2024-11-15 19:08:59.552440', NULL, '#ea1010', 450000.00, 1, 'M', 218, 19),
	(274, '2024-11-16 22:48:47.699474', NULL, b'0', '2024-11-16 22:48:47.699487', NULL, '#f5f5f5', 250000.00, 1, 'S', 219, 18),
	(275, '2024-11-17 15:28:39.467353', NULL, b'0', '2024-11-17 15:28:39.467367', NULL, '#382323', 250000.00, 1, 'XL', 220, 18),
	(276, '2024-11-17 15:34:48.034424', NULL, b'0', '2024-11-17 15:34:48.034435', NULL, '#db8fcd', 250000.00, 1, 'M', 221, 18),
	(279, '2024-11-17 18:35:29.092002', NULL, b'0', '2024-11-17 18:35:29.092030', NULL, '#cb1a1a', 100000.00, 1, 'M', 224, 18),
	(291, '2024-11-21 13:26:58.742419', NULL, b'0', '2024-11-21 13:26:58.742419', NULL, 'Red', 100000.00, 1, 'M', 234, 18),
	(292, '2024-11-21 13:26:58.771525', NULL, b'0', '2024-11-21 13:26:58.771525', NULL, 'Red', 100000.00, 2, 'S', 234, 18),
	(293, '2024-11-21 14:30:18.071589', NULL, b'0', '2024-11-21 14:30:18.071602', NULL, 'Green', 100000.00, 1, 'S', 235, 18),
	(294, '2024-11-21 14:30:58.859206', NULL, b'0', '2024-11-21 14:30:58.859216', NULL, 'Olive', 100000.00, 1, 'XXL', 236, 18),
	(297, '2024-11-21 17:08:17.209719', NULL, b'0', '2024-11-21 17:08:17.209731', NULL, 'Olive', 450000.00, 1, 'S', 239, 19),
	(298, '2024-11-21 17:08:17.211192', NULL, b'0', '2024-11-21 17:08:17.211200', NULL, 'Green', 100000.00, 1, 'S', 239, 18),
	(305, '2024-11-21 19:31:57.221472', NULL, b'0', '2024-11-21 19:31:57.221486', NULL, '#ea1010', 450000.00, 1, 'M', 246, 19),
	(312, '2024-11-21 21:14:29.321881', NULL, b'0', '2024-11-21 21:14:29.321892', NULL, 'Green', 100000.00, 1, 'S', 253, 18),
	(313, '2024-11-21 21:14:29.323267', NULL, b'0', '2024-11-21 21:14:29.323276', NULL, 'Olive', 100000.00, 2, 'XXL', 253, 18),
	(314, '2024-11-21 21:36:50.605436', NULL, b'0', '2024-11-21 21:36:50.605448', NULL, 'Green', 100000.00, 1, 'S', 254, 18),
	(315, '2024-11-21 21:40:55.264171', NULL, b'0', '2024-11-21 21:40:55.264183', NULL, 'Red', 100000.00, 1, 'M', 255, 18),
	(316, '2024-11-21 21:43:53.910532', NULL, b'0', '2024-11-21 21:43:53.910544', NULL, 'Red', 100000.00, 1, 'M', 256, 18),
	(317, '2024-11-21 21:44:01.084841', NULL, b'0', '2024-11-21 21:44:01.084851', NULL, 'Red', 100000.00, 1, 'M', 257, 18),
	(318, '2024-11-21 21:47:21.357128', NULL, b'0', '2024-11-21 21:47:21.357140', NULL, '#cb1a1a', 100000.00, 1, 'M', 258, 18),
	(322, '2024-11-21 21:54:32.294528', NULL, b'0', '2024-11-21 21:54:32.294540', NULL, 'Blue', 1200000.00, 1, 'XL', 262, 21),
	(323, '2024-11-21 22:01:09.316696', NULL, b'0', '2024-11-21 22:01:09.316707', NULL, 'Olive', 100000.00, 1, 'XXL', 263, 18),
	(334, '2024-11-22 10:23:42.814388', NULL, b'0', '2024-11-22 10:23:42.814399', NULL, 'Blue', 350000.00, 1, 'S', 269, 20),
	(335, '2024-11-22 10:26:10.851113', NULL, b'0', '2024-11-22 10:26:10.851123', NULL, 'Olive', 450000.00, 1, 'S', 270, 19),
	(336, '2024-11-22 14:25:49.841598', NULL, b'0', '2024-11-22 14:25:49.841607', NULL, 'Green', 150000.00, 1, 'S', 271, 18),
	(337, '2024-11-22 14:30:40.291957', NULL, b'0', '2024-11-22 14:30:40.291975', NULL, 'Olive', 100000.00, 1, 'XXL', 272, 18),
	(338, '2024-11-22 16:16:15.384151', NULL, b'0', '2024-11-22 16:16:15.384164', NULL, 'Green', 190000.00, 1, 'S', 273, 18),
	(339, '2024-11-22 16:16:15.386161', NULL, b'0', '2024-11-22 16:16:15.386169', NULL, 'Olive', 190000.00, 2, 'XXL', 273, 18),
	(343, '2024-11-22 16:29:25.271238', NULL, b'0', '2024-11-22 16:29:25.271244', NULL, 'Olive', 190000.00, 1, 'XXL', 277, 18),
	(344, '2024-11-22 16:29:25.272225', NULL, b'0', '2024-11-22 16:29:25.272232', NULL, 'Green', 190000.00, 1, 'S', 277, 18),
	(345, '2024-11-22 16:32:22.403468', NULL, b'0', '2024-11-22 16:32:22.403477', NULL, 'Red', 500000.00, 1, 'M', 278, 22),
	(346, '2024-11-22 16:35:05.307423', NULL, b'0', '2024-11-22 16:35:05.307431', NULL, '#382323', 190000.00, 1, 'XL', 279, 18),
	(347, '2024-11-22 16:36:56.067369', NULL, b'0', '2024-11-22 16:36:56.067377', NULL, 'Green', 1000.00, 1, 'S', 280, 18),
	(348, '2024-11-22 23:42:35.029087', NULL, b'0', '2024-11-22 23:42:35.029297', NULL, '#ea1010', 450000.00, 1, 'M', 281, 19),
	(349, '2024-11-22 23:42:35.031173', NULL, b'0', '2024-11-22 23:42:35.031178', NULL, 'Red', 350000.00, 1, 'XL', 281, 20),
	(350, '2024-11-22 23:42:35.032576', NULL, b'0', '2024-11-22 23:42:35.032579', NULL, 'Blue', 1200000.00, 1, 'XL', 281, 21),
	(351, '2024-11-22 23:42:35.033651', NULL, b'0', '2024-11-22 23:42:35.033655', NULL, 'Olive', 450000.00, 1, 'S', 281, 19);

-- Dumping structure for table wearItnow.payments
CREATE TABLE IF NOT EXISTS `payments` (
  `payment_id` bigint NOT NULL AUTO_INCREMENT,
  `created_at` datetime(6) DEFAULT NULL,
  `created_by` varchar(255) DEFAULT NULL,
  `deleted` bit(1) NOT NULL,
  `updated_at` datetime(6) DEFAULT NULL,
  `updated_by` varchar(255) DEFAULT NULL,
  `amount` decimal(38,2) DEFAULT NULL,
  `payment_status` varchar(255) DEFAULT NULL,
  `payment_time` datetime(6) DEFAULT NULL,
  `payment_type_id` bigint DEFAULT NULL,
  PRIMARY KEY (`payment_id`),
  KEY `FKrax3c0bm2lpch6m7sh19um7sp` (`payment_type_id`),
  CONSTRAINT `FKrax3c0bm2lpch6m7sh19um7sp` FOREIGN KEY (`payment_type_id`) REFERENCES `payment_types` (`payment_type_id`)
) ENGINE=InnoDB AUTO_INCREMENT=116 DEFAULT CHARSET=utf8mb4 COLLATE=utf8mb4_0900_ai_ci;

-- Dumping data for table wearItnow.payments: ~91 rows (approximately)
DELETE FROM `payments`;
INSERT INTO `payments` (`payment_id`, `created_at`, `created_by`, `deleted`, `updated_at`, `updated_by`, `amount`, `payment_status`, `payment_time`, `payment_type_id`) VALUES
	(1, '2024-11-07 18:31:36.686928', NULL, b'0', '2024-11-07 18:31:36.686928', NULL, 42399.98, 'UNPAID', NULL, 1),
	(4, '2024-11-07 20:16:48.812154', NULL, b'0', '2024-11-07 20:16:48.812154', NULL, 42399.98, 'UNPAID', NULL, 1),
	(5, '2024-11-07 20:41:53.124289', NULL, b'0', '2024-11-07 20:41:53.124289', NULL, 20699.99, 'UNPAID', NULL, 1),
	(6, '2024-11-10 14:01:13.176602', NULL, b'0', '2024-11-10 14:01:13.176602', NULL, 382000.00, 'UNPAID', NULL, 1),
	(7, '2024-11-10 14:32:44.132948', NULL, b'0', '2024-11-10 14:32:44.132948', NULL, 140500.00, 'UNPAID', NULL, 1),
	(8, '2024-11-10 15:08:03.193682', NULL, b'0', '2024-11-10 15:08:03.193682', NULL, 622000.00, 'UNPAID', NULL, 1),
	(9, '2024-11-10 15:29:25.869481', NULL, b'0', '2024-11-10 15:29:25.869481', NULL, 382000.00, 'UNPAID', NULL, 1),
	(10, '2024-11-10 15:32:15.455132', NULL, b'0', '2024-11-10 15:32:15.455132', NULL, 382000.00, 'UNPAID', NULL, 1),
	(22, '2024-11-10 15:53:19.210318', NULL, b'0', '2024-11-10 15:53:19.210318', NULL, 382000.00, 'UNPAID', NULL, 1),
	(23, '2024-11-10 16:07:08.990079', NULL, b'0', '2024-11-10 16:07:08.990079', NULL, 382000.00, 'UNPAID', NULL, 1),
	(24, '2024-11-10 16:08:10.629949', NULL, b'0', '2024-11-10 16:08:10.629949', NULL, 382000.00, 'UNPAID', NULL, 1),
	(25, '2024-11-10 16:13:11.554683', NULL, b'0', '2024-11-10 16:13:11.554683', NULL, 382000.00, 'UNPAID', NULL, 1),
	(26, '2024-11-10 16:13:21.941786', NULL, b'0', '2024-11-10 16:13:21.941786', NULL, 382000.00, 'UNPAID', NULL, 1),
	(27, '2024-11-10 16:13:54.207693', NULL, b'0', '2024-11-10 16:13:54.207693', NULL, 382000.00, 'UNPAID', NULL, 1),
	(28, '2024-11-10 16:15:45.962081', NULL, b'0', '2024-11-10 16:15:45.962081', NULL, 382000.00, 'UNPAID', NULL, 1),
	(33, '2024-11-10 16:31:55.701262', NULL, b'0', '2024-11-10 16:31:55.701262', NULL, 382000.00, 'UNPAID', NULL, 1),
	(34, '2024-11-10 16:32:28.425878', NULL, b'0', '2024-11-10 16:32:28.425878', NULL, 382000.00, 'UNPAID', NULL, 1),
	(36, '2024-11-10 16:39:30.582192', NULL, b'0', '2024-11-10 16:39:30.582192', NULL, 382000.00, 'UNPAID', NULL, 1),
	(37, '2024-11-10 17:47:25.138742', NULL, b'0', '2024-11-10 17:47:25.138778', NULL, 382000.00, 'UNPAID', NULL, 1),
	(38, '2024-11-10 18:15:42.745764', NULL, b'0', '2024-11-10 18:15:42.745764', NULL, 500500.00, 'UNPAID', NULL, 1),
	(39, '2024-11-11 11:10:28.396931', NULL, b'0', '2024-11-11 11:10:28.396962', NULL, 382000.00, 'UNPAID', NULL, 1),
	(40, '2024-11-12 23:12:30.117440', NULL, b'0', '2024-11-12 23:12:30.117440', NULL, 360500.00, 'UNPAID', NULL, 1),
	(41, '2024-11-13 21:49:22.788557', NULL, b'0', '2024-11-13 21:49:22.788557', NULL, 660500.00, 'UNPAID', NULL, 1),
	(48, '2024-11-13 22:34:43.960096', NULL, b'0', '2024-11-13 22:34:43.960096', NULL, 322000.00, 'UNPAID', NULL, 1),
	(49, '2024-11-13 22:47:51.965995', NULL, b'0', '2024-11-13 22:47:51.965995', NULL, 22399.98, 'UNPAID', NULL, 1),
	(50, '2024-11-13 23:02:51.342868', NULL, b'0', '2024-11-15 16:21:39.257709', NULL, 22399.98, 'PAIDBYCASH', NULL, 1),
	(51, '2024-11-13 23:11:01.033566', NULL, b'0', '2024-11-13 23:11:01.033566', NULL, 22399.98, 'UNPAID', NULL, 1),
	(52, '2024-11-14 20:24:55.809367', NULL, b'0', '2024-11-14 20:24:55.809392', NULL, 272000.00, 'UNPAID', NULL, 1),
	(53, '2024-11-14 20:24:57.001324', NULL, b'0', '2024-11-14 20:24:57.001351', NULL, 272000.00, 'UNPAID', NULL, 1),
	(54, '2024-11-15 00:27:18.682050', NULL, b'0', '2024-11-15 00:27:18.682066', NULL, 270500.00, 'UNPAID', NULL, 1),
	(55, '2024-11-15 01:56:51.958282', NULL, b'0', '2024-11-15 01:56:51.958301', NULL, 270500.00, 'UNPAID', NULL, 1),
	(56, '2024-11-15 12:35:49.866936', NULL, b'0', '2024-11-15 12:35:49.866949', NULL, 270500.00, 'UNPAID', NULL, 1),
	(57, '2024-11-15 18:46:06.486604', NULL, b'0', '2024-11-15 18:46:06.486633', NULL, 472000.00, 'UNPAID', NULL, 1),
	(58, '2024-11-15 18:51:19.719749', NULL, b'0', '2024-11-15 18:51:19.719771', NULL, 470500.00, 'UNPAID', NULL, 1),
	(59, '2024-11-15 18:51:52.065557', NULL, b'0', '2024-11-15 18:51:52.065585', NULL, 470500.00, 'UNPAID', NULL, 1),
	(60, '2024-11-15 19:03:58.051929', NULL, b'0', '2024-11-15 19:03:58.051956', NULL, 722000.00, 'UNPAID', NULL, 1),
	(61, '2024-11-15 19:09:00.553420', NULL, b'0', '2024-11-15 19:09:00.553447', NULL, 472000.00, 'UNPAID', NULL, 1),
	(62, '2024-11-16 22:48:49.072764', NULL, b'0', '2024-11-16 22:48:49.072779', NULL, 270500.00, 'UNPAID', NULL, 1),
	(63, '2024-11-17 15:28:40.659308', NULL, b'0', '2024-11-17 15:28:40.659323', NULL, 270500.00, 'PAID', NULL, 2),
	(64, '2024-11-17 15:34:49.504998', NULL, b'0', '2024-11-17 15:34:49.505014', NULL, 270500.00, 'PAID', NULL, 2),
	(65, '2024-11-17 14:54:48.162002', NULL, b'0', '2024-11-17 14:54:48.162002', NULL, 1022000.00, 'UNPAID', NULL, 1),
	(66, '2024-11-17 18:35:30.340891', NULL, b'0', '2024-11-17 18:35:30.340913', NULL, 120500.00, 'PAID', NULL, 2),
	(67, '2024-11-21 13:27:01.415433', NULL, b'0', '2024-11-21 13:27:01.416814', NULL, 320500.00, 'UNPAID', NULL, 1),
	(68, '2024-11-21 14:30:19.969665', NULL, b'0', '2024-11-21 14:30:19.969681', NULL, 122000.00, 'UNPAID', NULL, 1),
	(69, '2024-11-21 14:31:00.096162', NULL, b'0', '2024-11-21 14:31:00.096181', NULL, 120500.00, 'UNPAID', NULL, 1),
	(70, '2024-11-21 17:08:18.816529', NULL, b'0', '2024-11-21 17:08:18.816542', NULL, 570500.00, 'UNPAID', NULL, 1),
	(71, '2024-11-21 19:31:59.264845', NULL, b'0', '2024-11-21 19:31:59.264867', NULL, 470500.00, 'UNPAID', NULL, 1),
	(72, '2024-11-21 19:35:00.566973', NULL, b'0', '2024-11-21 19:35:00.566986', NULL, 470500.00, 'WAITING', NULL, NULL),
	(73, '2024-11-21 20:12:46.812105', NULL, b'0', '2024-11-21 20:12:46.812117', NULL, 270500.00, 'WAITING', NULL, NULL),
	(74, '2024-11-21 20:12:47.667107', NULL, b'0', '2024-11-21 20:12:47.667120', NULL, 270500.00, 'WAITING', NULL, NULL),
	(75, '2024-11-21 20:12:48.079158', NULL, b'0', '2024-11-23 00:04:36.773887', NULL, 270500.00, 'UNPAID', NULL, NULL),
	(76, '2024-11-21 20:12:48.240502', NULL, b'0', '2024-11-21 20:12:48.240515', NULL, 270500.00, 'WAITING', NULL, NULL),
	(77, '2024-11-21 20:12:48.390484', NULL, b'0', '2024-11-21 20:12:48.390514', NULL, 270500.00, 'WAITING', NULL, NULL),
	(78, '2024-11-21 20:13:10.780890', NULL, b'0', '2024-11-21 20:13:10.780907', NULL, 270500.00, 'WAITING', NULL, NULL),
	(79, '2024-11-21 20:13:10.914904', NULL, b'0', '2024-11-21 20:13:10.914921', NULL, 270500.00, 'WAITING', NULL, NULL),
	(80, '2024-11-21 20:13:11.083101', NULL, b'0', '2024-11-21 20:13:11.083113', NULL, 270500.00, 'WAITING', NULL, NULL),
	(81, '2024-11-21 20:13:11.248719', NULL, b'0', '2024-11-21 20:13:11.248731', NULL, 270500.00, 'WAITING', NULL, NULL),
	(82, '2024-11-21 20:14:49.795449', NULL, b'0', '2024-11-21 20:14:49.795463', NULL, 270500.00, 'WAITING', NULL, NULL),
	(83, '2024-11-21 20:40:05.169496', NULL, b'0', '2024-11-21 20:40:05.169513', NULL, 270500.00, 'WAITING', NULL, NULL),
	(84, '2024-11-21 20:44:16.565887', NULL, b'0', '2024-11-21 20:44:16.565914', NULL, 270500.00, 'WAITING', NULL, NULL),
	(85, '2024-11-21 21:14:30.669053', NULL, b'0', '2024-11-21 21:14:30.669066', NULL, 320500.00, 'PAID', NULL, 2),
	(86, '2024-11-21 21:14:31.011075', NULL, b'0', '2024-11-21 21:14:31.011085', NULL, 320500.00, 'WAITING', NULL, NULL),
	(87, '2024-11-21 21:36:52.436967', NULL, b'0', '2024-11-21 21:36:52.436980', NULL, 120500.00, 'PAID', NULL, 2),
	(88, '2024-11-21 21:36:52.645255', NULL, b'0', '2024-11-21 21:36:52.645264', NULL, 120500.00, 'WAITING', NULL, NULL),
	(89, '2024-11-21 21:40:56.874877', NULL, b'0', '2024-11-21 21:40:56.874893', NULL, 120500.00, 'PAID', NULL, 2),
	(90, '2024-11-21 21:40:57.039214', NULL, b'0', '2024-11-21 21:40:57.039224', NULL, 120500.00, 'WAITING', NULL, NULL),
	(91, '2024-11-21 21:43:59.839571', NULL, b'0', '2024-11-21 21:43:59.839584', NULL, 120500.00, 'PAID', NULL, 2),
	(92, '2024-11-21 21:44:00.278336', NULL, b'0', '2024-11-21 21:44:00.278345', NULL, 120500.00, 'WAITING', NULL, NULL),
	(93, '2024-11-21 21:44:01.700332', NULL, b'0', '2024-11-21 21:44:01.700349', NULL, 120500.00, 'PAID', NULL, 2),
	(94, '2024-11-21 21:44:01.871237', NULL, b'0', '2024-11-21 21:44:01.871249', NULL, 120500.00, 'WAITING', NULL, NULL),
	(95, '2024-11-21 21:47:22.950705', NULL, b'0', '2024-11-21 21:47:22.950721', NULL, 120500.00, 'PAID', NULL, 2),
	(96, '2024-11-21 21:47:23.150720', NULL, b'0', '2024-11-21 21:47:23.150729', NULL, 120500.00, 'WAITING', NULL, NULL),
	(97, '2024-11-21 21:54:33.673759', NULL, b'0', '2024-11-21 21:54:33.673776', NULL, 1220500.00, 'PAID', NULL, 2),
	(98, '2024-11-21 21:54:33.802604', NULL, b'0', '2024-11-21 21:54:33.802613', NULL, 1220500.00, 'WAITING', NULL, NULL),
	(99, '2024-11-21 22:01:13.975903', NULL, b'0', '2024-11-21 22:01:13.975920', NULL, 120500.00, 'PAID', NULL, 2),
	(100, '2024-11-21 22:01:14.398520', NULL, b'0', '2024-11-21 22:01:14.398533', NULL, 120500.00, 'WAITING', NULL, NULL),
	(101, '2024-11-22 10:23:44.219859', NULL, b'0', '2024-11-22 10:23:44.219893', NULL, 372000.00, 'UNPAID', NULL, 1),
	(102, '2024-11-22 10:26:11.954041', NULL, b'0', '2024-11-22 10:26:11.954054', NULL, 470500.00, 'UNPAID', NULL, 1),
	(103, '2024-11-22 14:25:51.631803', NULL, b'0', '2024-11-22 14:25:51.631817', NULL, 170500.00, 'UNPAID', NULL, 1),
	(104, '2024-11-22 14:30:41.465725', NULL, b'0', '2024-11-22 14:30:41.465754', NULL, 120500.00, 'PAID', NULL, 2),
	(105, '2024-11-22 14:30:41.656329', NULL, b'0', '2024-11-22 14:30:41.656340', NULL, 120500.00, 'WAITING', NULL, NULL),
	(106, '2024-11-22 16:16:16.428286', NULL, b'0', '2024-11-22 16:16:16.428300', NULL, 590500.00, 'PAID', NULL, 2),
	(107, '2024-11-22 16:29:26.230258', NULL, b'0', '2024-11-22 16:29:26.230267', NULL, 400500.00, 'PAID', NULL, 2),
	(108, '2024-11-22 16:32:23.492693', NULL, b'0', '2024-11-22 16:32:23.492706', NULL, 520500.00, 'PAID', NULL, 2),
	(109, '2024-11-22 16:35:06.527047', NULL, b'0', '2024-11-22 16:35:06.527057', NULL, 210500.00, 'PAID', NULL, 2),
	(110, '2024-11-22 16:35:06.736299', NULL, b'0', '2024-11-22 16:35:06.736309', NULL, 210500.00, 'WAITING', NULL, NULL),
	(111, '2024-11-22 16:36:57.323092', NULL, b'0', '2024-11-22 17:09:17.905107', NULL, 21500.00, 'UNPAID', NULL, 2),
	(112, '2024-11-22 16:36:57.537452', NULL, b'0', '2024-11-22 16:36:57.537460', NULL, 21500.00, 'PAID', NULL, NULL),
	(113, '2024-11-22 17:06:43.405786', NULL, b'0', '2024-11-22 17:06:43.405796', NULL, 21500.00, 'WAITING', NULL, NULL),
	(114, '2024-11-22 23:42:37.063484', NULL, b'0', '2024-11-22 23:42:37.063491', NULL, 2470500.00, 'UNPAID', NULL, 1),
	(115, '2024-11-23 00:04:49.157595', NULL, b'0', '2024-11-23 00:04:49.157595', NULL, 270500.00, 'WAITING', NULL, 2);

-- Dumping structure for table wearItnow.payment_types
CREATE TABLE IF NOT EXISTS `payment_types` (
  `payment_type_id` bigint NOT NULL AUTO_INCREMENT,
  `created_at` datetime(6) DEFAULT NULL,
  `created_by` varchar(255) DEFAULT NULL,
  `deleted` bit(1) NOT NULL,
  `updated_at` datetime(6) DEFAULT NULL,
  `updated_by` varchar(255) DEFAULT NULL,
  `name` varchar(255) DEFAULT NULL,
  PRIMARY KEY (`payment_type_id`)
) ENGINE=InnoDB AUTO_INCREMENT=3 DEFAULT CHARSET=utf8mb4 COLLATE=utf8mb4_0900_ai_ci;

-- Dumping data for table wearItnow.payment_types: ~2 rows (approximately)
DELETE FROM `payment_types`;
INSERT INTO `payment_types` (`payment_type_id`, `created_at`, `created_by`, `deleted`, `updated_at`, `updated_by`, `name`) VALUES
	(1, '2024-11-07 10:32:41.000000', NULL, b'0', NULL, NULL, 'Thanh toán khi nhận hàng'),
	(2, '2024-11-07 10:32:41.000000', NULL, b'0', NULL, NULL, 'Thanh toán online');

-- Dumping structure for table wearItnow.permissions
CREATE TABLE IF NOT EXISTS `permissions` (
  `name` varchar(255) NOT NULL,
  `created_at` datetime(6) DEFAULT NULL,
  `created_by` varchar(255) DEFAULT NULL,
  `deleted` bit(1) NOT NULL,
  `updated_at` datetime(6) DEFAULT NULL,
  `updated_by` varchar(255) DEFAULT NULL,
  `description` varchar(255) DEFAULT NULL,
  PRIMARY KEY (`name`)
) ENGINE=InnoDB DEFAULT CHARSET=utf8mb4 COLLATE=utf8mb4_0900_ai_ci;

-- Dumping data for table wearItnow.permissions: ~3 rows (approximately)
DELETE FROM `permissions`;
INSERT INTO `permissions` (`name`, `created_at`, `created_by`, `deleted`, `updated_at`, `updated_by`, `description`) VALUES
	('CREATE_DATA', '2024-11-05 10:39:55.021677', NULL, b'0', '2024-11-05 10:39:55.021677', NULL, ''),
	('DELETE_DATA', '2024-11-05 10:40:17.450109', NULL, b'0', '2024-11-05 10:40:17.450109', NULL, ''),
	('UPDATE_DATA', '2024-11-05 10:40:08.214720', NULL, b'0', '2024-11-05 10:40:08.214720', NULL, '');

-- Dumping structure for table wearItnow.prices
CREATE TABLE IF NOT EXISTS `prices` (
  `id` bigint NOT NULL AUTO_INCREMENT,
  `created_at` datetime(6) DEFAULT NULL,
  `created_by` varchar(255) DEFAULT NULL,
  `deleted` bit(1) NOT NULL,
  `updated_at` datetime(6) DEFAULT NULL,
  `updated_by` varchar(255) DEFAULT NULL,
  `code` varchar(255) NOT NULL,
  `end_date` date NOT NULL,
  `name` varchar(255) NOT NULL,
  `start_date` date NOT NULL,
  PRIMARY KEY (`id`),
  UNIQUE KEY `UKax64wmyr5b3cy1j277xqmn2f7` (`code`),
  UNIQUE KEY `UKchwwmhx9114lfnh8reqdjy64q` (`name`)
) ENGINE=InnoDB AUTO_INCREMENT=3 DEFAULT CHARSET=utf8mb4 COLLATE=utf8mb4_0900_ai_ci;

-- Dumping data for table wearItnow.prices: ~2 rows (approximately)
DELETE FROM `prices`;
INSERT INTO `prices` (`id`, `created_at`, `created_by`, `deleted`, `updated_at`, `updated_by`, `code`, `end_date`, `name`, `start_date`) VALUES
	(1, '2024-11-17 14:25:42.364614', NULL, b'0', '2024-11-17 14:58:14.597967', NULL, 'BANGGIANIEMYETTHANG11', '2024-11-29', 'Bảng giá niêm yết tháng 11', '2024-11-01'),
	(2, '2024-11-17 14:25:55.518481', NULL, b'0', '2024-11-17 14:27:23.907947', NULL, 'BANGGIANIEMYETTHANG12', '2024-12-28', 'Bảng giá niêm yết tháng 12', '2024-12-01');

-- Dumping structure for table wearItnow.products
CREATE TABLE IF NOT EXISTS `products` (
  `product_id` bigint NOT NULL AUTO_INCREMENT,
  `created_at` datetime(6) DEFAULT NULL,
  `created_by` varchar(255) DEFAULT NULL,
  `deleted` bit(1) NOT NULL,
  `updated_at` datetime(6) DEFAULT NULL,
  `updated_by` varchar(255) DEFAULT NULL,
  `description` varchar(255) DEFAULT NULL,
  `image` varchar(255) DEFAULT NULL,
  `name` varchar(255) DEFAULT NULL,
  `price` double DEFAULT NULL,
  `category_id` bigint DEFAULT NULL,
  PRIMARY KEY (`product_id`),
  KEY `FKog2rp4qthbtt2lfyhfo32lsw9` (`category_id`),
  KEY `idx_deleted` (`deleted`),
  CONSTRAINT `FKog2rp4qthbtt2lfyhfo32lsw9` FOREIGN KEY (`category_id`) REFERENCES `categories` (`category_id`)
) ENGINE=InnoDB AUTO_INCREMENT=98 DEFAULT CHARSET=utf8mb4 COLLATE=utf8mb4_0900_ai_ci;

-- Dumping data for table wearItnow.products: ~80 rows (approximately)
DELETE FROM `products`;
INSERT INTO `products` (`product_id`, `created_at`, `created_by`, `deleted`, `updated_at`, `updated_by`, `description`, `image`, `name`, `price`, `category_id`) VALUES
	(1, '2024-11-05 13:31:18.604216', 'admin', b'1', '2024-11-13 23:40:40.360953', 'admin', 'Thời trang dành cho người biết thưởng thức sắc đẹp 3', 'http://res.cloudinary.com/dsm4wjqql/image/upload/v1729677373/10.png', 'Thời trang nữ', 0, 1),
	(18, '2024-11-05 14:27:45.959058', 'admin', b'0', '2024-11-22 16:36:19.943561', 'admin', 'Áo thun chất liệu cotton mềm mại, thoáng mát. Phù hợp cho mọi hoạt động hằng ngày.', 'http://res.cloudinary.com/dsm4wjqql/image/upload/v1731827731/9.jpg', 'Áo Thun Coton', 1000, 1),
	(19, '2024-11-05 14:27:45.959058', 'admin', b'0', '2024-11-11 13:13:45.497534', 'admin', 'Áo khoác gió chống thấm nước, giữ ấm tốt. Thích hợp cho các hoạt động ngoài trời.', 'http://res.cloudinary.com/dsm4wjqql/image/upload/v1731302006/552.jpg', 'Áo Khoác Gió', 450000, 1),
	(20, '2024-11-05 14:27:45.959058', 'admin', b'0', '2024-11-15 16:41:24.207671', 'admin', 'Quần jeans phong cách với chi tiết rách cá tính, chất liệu co giãn thoải mái.', 'http://res.cloudinary.com/dsm4wjqql/image/upload/v1731660075/128.jpg', 'Quần Jeans ống rộng', 350000, 1),
	(21, '2024-11-05 14:27:45.959058', 'admin', b'0', '2024-11-15 18:24:27.304317', 'admin', 'Áo vest công sở lịch lãm, tôn dáng và sang trọng. Phù hợp cho môi trường công việc chuyên nghiệp.', 'http://res.cloudinary.com/dsm4wjqql/image/upload/v1731666266/ao%20%2816%29.jpg', 'Áo Polo Form Cổ Đứng', 1200000, 1),
	(22, '2024-11-05 14:27:45.959058', 'admin', b'0', '2024-11-11 13:23:53.540932', 'admin', 'Quần tây nam thiết kế ôm gọn, chất liệu cao cấp mang lại sự thoải mái và sang trọng.', 'http://res.cloudinary.com/dsm4wjqql/image/upload/v1731302613/147.jpg', 'Quần Tây Nam', 500000, 1),
	(23, '2024-11-05 14:27:45.959058', 'admin', b'0', '2024-11-11 13:31:19.874733', 'admin', 'Áo dài tay chất liệu len mềm mại, giữ ấm cho mùa đông. Phù hợp để mặc trong thời tiết lạnh.', 'http://res.cloudinary.com/dsm4wjqql/image/upload/v1731303066/52.jpg', 'Áo Dài Tay Len', 300000, 1),
	(24, '2024-11-05 14:27:45.959058', 'admin', b'0', '2024-11-11 13:29:59.512238', 'admin', 'Quần jogger phong cách thể thao, chất liệu nhẹ và thoáng mát, thích hợp cho tập luyện.', 'http://res.cloudinary.com/dsm4wjqql/image/upload/v1731302983/15.jpg', 'Quần Jogger Thể Thao', 350000, 1),
	(25, '2024-11-05 14:27:45.959058', 'admin', b'0', '2024-11-11 13:27:20.053672', 'admin', 'Áo polo nam kiểu dáng cổ điển, chất liệu thoáng mát, dễ phối đồ trong nhiều hoàn cảnh.', 'http://res.cloudinary.com/dsm4wjqql/image/upload/v1731302816/18.jpg', 'Áo Polo Nam', 270000, 1),
	(26, '2024-11-05 14:27:45.959058', 'admin', b'1', '2024-11-12 17:23:47.118068', 'admin', 'Váy maxi dài thướt tha, chất liệu mềm mại, thích hợp cho các buổi dạo chơi hoặc dự tiệc.', NULL, 'Váy Maxi Dài', 400000, 2),
	(27, '2024-11-05 14:27:45.959058', 'admin', b'0', '2024-11-11 13:24:59.298234', 'admin', 'Áo khoác da thời trang, phong cách mạnh mẽ và sành điệu, bảo vệ tốt trong thời tiết lạnh.', 'http://res.cloudinary.com/dsm4wjqql/image/upload/v1731302683/38.jpg', 'Áo Khoác Da', 1500000, 1),
	(28, '2024-11-05 14:27:45.959058', 'admin', b'0', '2024-11-11 13:34:25.724641', 'admin', 'Áo hoodie unisex, phong cách đường phố trẻ trung, dễ dàng kết hợp với các loại quần áo khác.', 'http://res.cloudinary.com/dsm4wjqql/image/upload/v1731303251/1.jpg', 'Áo Hoodie', 350000, 1),
	(29, '2024-11-05 14:27:45.959058', 'admin', b'0', '2024-11-11 13:37:16.596780', 'admin', 'Quần short jean trẻ trung, phong cách thoải mái, phù hợp cho mùa hè năng động.', 'http://res.cloudinary.com/dsm4wjqql/image/upload/v1731303426/530.jpg', 'Quần Short Jean', 220000, 1),
	(30, '2024-11-05 14:27:45.959058', 'admin', b'0', '2024-11-19 16:02:00.144240', 'admin', 'Váy dạ hội thiết kế sang trọng, tôn dáng với chi tiết tinh tế, phù hợp cho các buổi tiệc lớn.', 'http://res.cloudinary.com/dsm4wjqql/image/upload/v1732003305/v%C3%A1y%20%289%29.jpg', 'Váy Dạ Hội', 850000, 2),
	(31, '2024-11-05 14:27:45.959058', 'admin', b'0', '2024-11-15 18:30:59.792377', 'admin', 'Áo khoác sweater cá tính, phù hợp cho những buổi dạo phố hay những dịp không chính thức.', 'http://res.cloudinary.com/dsm4wjqql/image/upload/v1731666659/aokhoac%20%28100%29.jpg', 'Áo Khoác sweater', 199.99, 2),
	(32, '2024-11-05 14:27:45.959058', 'admin', b'0', '2024-11-11 13:42:59.954648', 'admin', 'Áo sơ mi nam phong cách lịch lãm, dễ dàng kết hợp với quần tây hoặc quần jean.', 'http://res.cloudinary.com/dsm4wjqql/image/upload/v1731303771/ao-so-mi-den.jpg', 'Áo Sơ Mi Nam', 280000, 1),
	(33, '2024-11-05 14:27:45.959058', 'admin', b'0', '2024-11-18 12:03:56.109384', 'admin', 'Quần legging nữ ôm sát, co giãn tốt, phù hợp cho cả tập luyện và mặc thường ngày.', NULL, 'Quần Legging Nữ', 300000, 2),
	(34, '2024-11-05 14:27:45.959058', 'admin', b'0', '2024-11-11 13:47:46.586925', 'admin', 'Quần âu nam thanh lịch, chất liệu cao cấp và kiểu dáng hiện đại.', 'http://res.cloudinary.com/dsm4wjqql/image/upload/v1731304007/222.jpg', 'Quần Âu Nam', 450000, 1),
	(35, '2024-11-05 14:27:45.959058', 'admin', b'0', '2024-11-19 16:02:41.736757', 'admin', 'Váy xòe nữ dịu dàng, kiểu dáng tôn dáng với chất liệu thoải mái.', 'http://res.cloudinary.com/dsm4wjqql/image/upload/v1732003347/v%C3%A1y%20%2859%29.jpg', 'Váy Xòe Nữ', 400000, 2),
	(36, '2024-11-13 23:11:13.332309', 'admin', b'0', '2024-11-18 12:01:21.513881', 'admin', 'Áo cardigan mềm mại, phong cách thanh lịch, thích hợp cho mùa thu.', NULL, 'Áo Cardigan', 500000, 2),
	(37, '2024-11-05 14:27:45.959058', 'admin', b'0', '2024-11-11 13:49:46.488903', 'admin', 'Áo vest nam lịch lãm, phù hợp cho môi trường công việc và sự kiện quan trọng.', 'http://res.cloudinary.com/dsm4wjqql/image/upload/v1731304175/ao-Vest-Nam.jpg', 'Áo Vest Nam', 1000000, 1),
	(38, '2024-11-05 14:27:45.959058', 'admin', b'0', '2024-11-19 16:03:02.222176', 'admin', 'Váy công sở thanh lịch, dễ dàng phối với áo sơ mi hay áo blazer.', 'http://res.cloudinary.com/dsm4wjqql/image/upload/v1732003369/v%C3%A1y%20%28449%29.jpg', 'Váy Công Sở', 450000, 2),
	(39, '2024-11-13 23:11:13.332309', 'admin', b'0', '2024-11-11 13:51:55.880513', 'admin', 'Áo ba lỗ thể thao thoáng mát, dễ mặc trong các hoạt động thể thao hoặc đi chơi.', 'http://res.cloudinary.com/dsm4wjqql/image/upload/v1731304303/22.jpg', 'Áo Ba Lỗ', 150000, 1),
	(40, '2024-11-05 14:27:45.959058', 'admin', b'0', '2024-11-18 12:06:30.060406', 'admin', 'Quần jean skinny ôm sát tôn dáng, chất liệu co giãn mang lại sự thoải mái.', NULL, 'Quần Jean Skinny', 250000, 2),
	(41, '2024-11-05 14:27:45.959058', 'admin', b'0', '2024-11-11 13:53:48.618635', 'admin', 'Áo thun nam đơn giản, phong cách trẻ trung, dễ dàng phối với mọi loại quần.', 'http://res.cloudinary.com/dsm4wjqql/image/upload/v1731304422/531.jpg', 'Áo Thun Nam', 220000, 1),
	(42, '2024-11-05 14:27:45.959058', 'admin', b'0', '2024-11-19 16:03:19.713065', 'admin', 'Váy ren nữ thanh lịch, chất liệu cao cấp phù hợp cho các buổi tiệc tối.', 'http://res.cloudinary.com/dsm4wjqql/image/upload/v1732003389/v%C3%A1y%20%28254%29.jpg', 'Váy Ren Nữ', 650000, 2),
	(43, '2024-11-05 14:27:45.959058', 'admin', b'0', '2024-11-14 14:00:30.889955', 'admin', 'Áo dài truyền thống Việt Nam, tôn lên nét đẹp dịu dàng và thanh lịch.', NULL, 'Áo Dài Truyền Thống', 900000, 2),
	(44, '2024-11-05 14:27:45.959058', 'admin', b'0', '2024-11-19 16:10:34.895389', 'admin', 'Áo khoác lông ấm áp, thiết kế sang trọng phù hợp cho mùa đông.', 'http://res.cloudinary.com/dsm4wjqql/image/upload/v1732003821/404.jpg', 'Áo Khoác Lông', 800000, 1),
	(45, '2024-11-05 14:27:45.959058', 'admin', b'0', '2024-11-18 12:07:03.226769', 'admin', 'Khăn choàng cổ mềm mại, giữ ấm tốt, phụ kiện thời trang phù hợp cho mùa đông.', NULL, 'Khăn Choàng Cổ', 120000, 2),
	(46, '2024-11-05 14:27:45.959058', 'admin', b'0', '2024-11-11 13:57:15.025525', 'admin', 'Quần tây nam cao cấp, thiết kế thanh lịch, chất liệu vải mềm mịn, co giãn tốt.', 'http://res.cloudinary.com/dsm4wjqql/image/upload/v1731304630/quan-tay-cao-cap.jpg', 'Quần Tây Cao Cấp', 650000, 1),
	(47, '2024-11-13 23:11:13.332309', 'admin', b'0', '2024-11-18 12:07:13.727272', 'admin', 'Áo blazer nữ phong cách công sở, thiết kế hiện đại và thanh lịch.', NULL, 'Áo Blazer Nữ', 850000, 2),
	(48, '2024-11-05 14:27:45.959058', 'admin', b'0', '2024-11-18 12:07:19.979810', 'admin', 'Áo len nữ giữ ấm tốt, kiểu dáng đơn giản nhưng thời trang.', NULL, 'Áo Len Nữ', 300000, 2),
	(49, '2024-11-05 14:27:45.959058', 'admin', b'0', '2024-11-18 12:07:34.275150', 'admin', 'Khăn choàng pashmina mềm mại, phụ kiện thời trang sang trọng.', NULL, 'Khăn Choàng Pashmina', 180000, 2),
	(50, '2024-11-05 14:27:45.959058', 'admin', b'0', '2024-11-19 16:03:44.900139', 'admin', 'Váy mini nữ trẻ trung, phong cách hiện đại, thích hợp cho các buổi dạo chơi.', 'http://res.cloudinary.com/dsm4wjqql/image/upload/v1732003381/v%C3%A1y%20%28204%29.jpg', 'Váy Mini', 350000, 2),
	(51, '2024-11-13 23:11:13.332309', 'admin', b'1', '2024-11-14 00:00:45.905194', 'admin', 'aaaa', 'http://res.cloudinary.com/dsm4wjqql/image/upload/v1731304175/ao-Vest-Nam.jpg', 'test123', 20000, 2),
	(53, '2024-11-05 14:27:45.959058', 'admin', b'0', '2024-11-19 16:11:46.696776', 'admin', 'Áo phông in hình phong cách trẻ trung, chất liệu cotton mềm mịn.', 'http://res.cloudinary.com/dsm4wjqql/image/upload/v1732003902/305.jpg', 'Áo Phông In Hình', 320000, 1),
	(54, '2024-11-05 14:27:45.959058', 'admin', b'0', '2024-11-19 16:12:16.241359', 'admin', 'Quần jogger kaki thiết kế thoải mái, phong cách năng động.', 'http://res.cloudinary.com/dsm4wjqql/image/upload/v1732003927/293.jpg', 'Quần Jogger Kaki', 400000, 1),
	(55, '2024-11-05 14:27:45.959058', 'admin', b'0', '2024-11-19 16:04:11.652659', 'admin', 'Váy xếp ly nhẹ nhàng, phù hợp cho cả công sở và đi chơi.', 'http://res.cloudinary.com/dsm4wjqql/image/upload/v1732003353/v%C3%A1y%20%28193%29.jpg', 'Váy Xếp Ly Nữ', 550000, 2),
	(56, '2024-11-05 14:27:45.959058', 'admin', b'0', '2024-11-18 12:10:01.235568', 'admin', 'Áo hoodie nữ phong cách trẻ trung, giữ ấm tốt cho mùa đông.', 'http://res.cloudinary.com/dsm4wjqql/image/upload/v1731902989/aokhoac%20%28111%29.jpg', 'Áo Hoodie Nữ', 450000, 2),
	(57, '2024-11-05 14:27:45.959058', 'admin', b'0', '2024-11-18 12:10:57.428247', 'admin', 'Quần short thể thao thoải mái, thích hợp cho các hoạt động ngoài trời.', 'http://res.cloudinary.com/dsm4wjqql/image/upload/v1731903050/quan%20%288%29.jpg', 'Quần Short Thể Thao', 200000, 1),
	(58, '2024-11-05 14:27:45.959058', 'admin', b'0', '2024-11-18 12:12:12.535836', 'admin', 'Áo polo kẻ sọc nam thời trang, dễ dàng phối đồ.', 'http://res.cloudinary.com/dsm4wjqql/image/upload/v1731903122/ao%20%2827%29.jpg', 'Áo Polo Kẻ Sọc', 280000, 2),
	(59, '2024-11-05 14:27:45.959058', 'admin', b'0', '2024-11-19 16:04:34.089090', 'admin', 'Váy chữ A đơn giản, thanh lịch, phù hợp cho nhiều hoàn cảnh.', 'http://res.cloudinary.com/dsm4wjqql/image/upload/v1732003458/v%C3%A1y%20%28126%29.jpg', 'Váy Chữ A Nữ', 600000, 2),
	(60, '2024-11-05 14:27:45.959058', 'admin', b'0', '2024-11-18 12:15:28.637859', 'admin', 'Áo thun tay ngắn với thiết kế đơn giản, chất liệu mềm mại.', 'http://res.cloudinary.com/dsm4wjqql/image/upload/v1731903321/ao%20%2861%29.jpg', 'Áo Thun Tay Ngắn', 220000, 1),
	(61, '2024-11-05 14:27:45.959058', 'admin', b'0', '2024-11-18 12:16:06.368239', 'admin', 'Áo khoác nỉ giữ ấm tốt, kiểu dáng thể thao.', 'http://res.cloudinary.com/dsm4wjqql/image/upload/v1731903355/aokhoac%20%2812%29.jpg', 'Áo Khoác Nỉ', 550000, 1),
	(62, '2024-11-05 14:27:45.959058', 'admin', b'0', '2024-11-18 12:17:31.277749', 'admin', 'Quần legging co giãn tốt, thích hợp cho tập luyện và vận động.', 'http://res.cloudinary.com/dsm4wjqql/image/upload/v1731903440/quan%20%284%29.jpg', 'Quần Legging Thể Thao', 280000, 1),
	(63, '2024-11-05 14:27:45.959058', 'admin', b'0', '2024-11-18 12:18:09.389955', 'admin', 'Áo khoác dạ ấm áp, phong cách Hàn Quốc, thiết kế thanh lịch.', 'http://res.cloudinary.com/dsm4wjqql/image/upload/v1731903480/aokhoac%20%2865%29.jpg', 'Áo Khoác Dạ', 950000, 2),
	(64, '2024-11-05 14:27:45.959058', 'admin', b'0', '2024-11-18 12:18:57.926604', 'admin', 'Váy đầm phong cách công chúa dễ thương, phù hợp cho các bé gái.', 'http://res.cloudinary.com/dsm4wjqql/image/upload/v1731903533/aokhoac%20%2852%29.jpg', 'Váy Đầm Công Chúa', 750000, 2),
	(65, '2024-11-05 14:27:45.959058', 'admin', b'0', '2024-11-19 16:16:37.582035', 'admin', 'Áo len cổ lọ giữ ấm, thích hợp cho mùa đông lạnh.', 'http://res.cloudinary.com/dsm4wjqql/image/upload/v1732004189/441.jpg', 'Áo Len Cổ Lọ', 400000, 1),
	(66, '2024-11-13 23:11:13.332309', 'admin', b'0', '2024-11-18 12:19:14.473733', 'admin', 'Áo bomber phong cách đường phố, thiết kế năng động.', NULL, 'Áo Bomber', 600000, 1),
	(67, '2024-11-05 14:27:45.959058', 'admin', b'0', '2024-11-18 12:19:20.630607', 'admin', 'Quần jean lưng cao giúp tôn dáng, chất liệu co giãn thoải mái.', NULL, 'Quần Jean Lưng Cao', 380000, 1),
	(68, '2024-11-05 14:27:45.959058', 'admin', b'0', '2024-11-18 12:19:39.689944', 'admin', 'Áo sơ mi oversize phong cách, dễ dàng phối đồ.', NULL, 'Áo Sơ Mi Oversize', 330000, 1),
	(69, '2024-11-05 14:27:45.959058', 'admin', b'0', '2024-11-19 16:04:56.328704', 'admin', 'Váy suông dài thoải mái, chất liệu nhẹ nhàng, thích hợp cho mùa hè.', 'http://res.cloudinary.com/dsm4wjqql/image/upload/v1732003487/v%C3%A1y%20%28225%29.jpg', 'Váy Suông Dài', 500000, 2),
	(70, '2024-11-05 14:27:45.959058', 'admin', b'0', '2024-11-18 12:20:34.328379', 'admin', 'Áo hoodie oversize phong cách trẻ trung, dễ dàng kết hợp với quần jean.', 'http://res.cloudinary.com/dsm4wjqql/image/upload/v1731902997/aokhoac%20%2876%29.jpg', 'Áo Hoodie Oversize', 420000, 2),
	(71, '2024-11-05 14:27:45.959058', 'admin', b'0', '2024-11-18 12:23:05.054663', 'admin', 'Áo thun tay dài giữ ấm, chất liệu cotton thoáng mát.', 'http://res.cloudinary.com/dsm4wjqql/image/upload/v1731903777/ao-thun-tay-dai-nam.jpg', 'Áo Thun Tay Dài', 270000, 1),
	(72, '2024-11-05 14:27:45.959058', 'admin', b'0', '2024-11-19 16:05:32.296638', 'admin', 'Váy dáng ôm sang trọng, phù hợp cho các buổi tiệc tối.', 'http://res.cloudinary.com/dsm4wjqql/image/upload/v1732003369/v%C3%A1y%20%28449%29.jpg', 'Váy Dáng Ôm', 680000, 2),
	(73, '2024-11-05 14:27:45.959058', 'admin', b'0', '2024-11-19 16:15:57.017186', 'admin', 'Áo phông nam thiết kế đơn giản, thoáng mát cho mùa hè.', 'http://res.cloudinary.com/dsm4wjqql/image/upload/v1731304423/93.jpg', 'Áo Phông Nam', 250000, 1),
	(74, '2024-11-05 14:27:45.959058', 'admin', b'0', '2024-11-19 16:09:04.698228', 'admin', 'Váy yếm nữ trẻ trung, dễ thương, phù hợp cho các buổi dạo chơi.', 'http://res.cloudinary.com/dsm4wjqql/image/upload/v1732003725/v%C3%A1y%20%28438%29.jpg', 'Váy Yếm Nữ', 450000, 2),
	(75, '2024-11-05 14:27:45.959058', 'admin', b'0', NULL, 'admin', 'Áo vest nữ thanh lịch, thiết kế chuyên nghiệp cho công sở.', NULL, 'Áo Vest Nữ', 1100000, 2),
	(76, '2024-11-05 14:27:45.959058', 'admin', b'0', NULL, 'admin', 'Quần sooc jeans nữ trẻ trung, phong cách hiện đại.', NULL, 'Quần Sooc Jeans Nữ', 320000, 2),
	(77, '2024-11-05 14:27:45.959058', 'admin', b'0', NULL, 'admin', 'Áo phông basic phù hợp với mọi phong cách.', NULL, 'Áo Phông Basic', 190000, 1),
	(78, '2024-11-05 14:27:45.959058', 'admin', b'0', '2024-11-19 16:08:35.127431', 'admin', 'Váy xòe hoa nhẹ nhàng, phù hợp cho các buổi tiệc hoặc dạo chơi.', 'http://res.cloudinary.com/dsm4wjqql/image/upload/v1732003702/v%C3%A1y%20%28170%29.jpg', 'Váy Xòe Hoa', 490000, 2),
	(79, '2024-11-13 23:11:13.332309', 'admin', b'0', NULL, 'admin', 'Áo gile nam phong cách, dễ phối đồ, thích hợp cho mọi dịp.', NULL, 'Áo Gile Nam', 580000, 1),
	(80, '2024-11-05 14:27:45.959058', 'admin', b'0', NULL, 'admin', 'Quần culottes nữ phong cách hiện đại, thoải mái khi mặc.', NULL, 'Quần Culottes', 400000, 2),
	(81, '2024-11-05 14:27:45.959058', 'admin', b'0', NULL, 'admin', 'Áo khoác lông vũ giữ ấm tuyệt đối, thích hợp cho mùa đông giá rét.', NULL, 'Áo Khoác Lông Vũ', 1200000, 1),
	(82, '2024-11-05 14:27:45.959058', 'admin', b'0', '2024-11-19 16:07:54.021877', 'admin', 'Váy jean nữ cá tính, chất liệu co giãn, thoải mái khi mặc.', 'http://res.cloudinary.com/dsm4wjqql/image/upload/v1732003667/v%C3%A1y%20%28220%29.jpg', 'Váy Jean Nữ', 370000, 2),
	(83, '2024-11-05 14:27:45.959058', 'admin', b'0', NULL, 'admin', 'Quần chinos nam thiết kế ôm gọn, chất liệu cao cấp thoáng mát.', NULL, 'Quần Chinos Nam', 430000, 1),
	(84, '2024-11-05 14:27:45.959058', 'admin', b'0', NULL, 'admin', 'Áo khoác len mềm mại, giữ ấm tốt cho những ngày lạnh.', NULL, 'Áo Khoác Len', 600000, 2),
	(85, '2024-11-05 14:27:45.959058', 'admin', b'0', NULL, 'admin', 'Váy dài phong cách boho, thích hợp cho các chuyến đi biển hoặc dã ngoại.', NULL, 'Váy Dài Boho', 700000, 2),
	(86, '2024-11-05 14:27:45.959058', 'admin', b'0', NULL, 'admin', 'Áo thun in chữ đơn giản, phong cách đường phố.', NULL, 'Áo Thun In Chữ', 300000, 1),
	(87, '2024-11-05 14:27:45.959058', 'admin', b'0', NULL, 'admin', 'Quần jean baggy thoải mái, phong cách trẻ trung và năng động.', NULL, 'Quần Jean Baggy', 350000, 2),
	(88, '2024-11-05 14:27:45.959058', 'admin', b'0', '2024-11-19 16:07:19.993881', 'admin', 'Váy bút chì nữ thanh lịch, thiết kế tôn dáng, phù hợp cho công sở.', 'http://res.cloudinary.com/dsm4wjqql/image/upload/v1732003629/v%C3%A1y%20%28316%29.jpg', 'Váy Bút Chì Nữ', 650000, 2),
	(89, '2024-11-05 14:27:45.959058', 'admin', b'0', NULL, 'admin', 'Áo hoodie kaki thời trang, giữ ấm tốt, phù hợp cho mùa thu đông.', NULL, 'Áo Hoodie Kaki', 520000, 1),
	(90, '2024-11-05 14:27:45.959058', 'admin', b'0', NULL, 'admin', 'Áo sơ mi cổ đức cổ điển, thích hợp cho công sở hoặc sự kiện.', NULL, 'Áo Sơ Mi Cổ Đức', 320000, 1),
	(91, '2024-11-05 14:27:45.959058', 'admin', b'0', NULL, 'admin', 'Quần jogger unisex thiết kế thoải mái, phù hợp cho cả nam và nữ.', NULL, 'Quần Jogger Unisex', 370000, 1),
	(92, '2024-11-05 14:27:45.959058', 'admin', b'0', '2024-11-19 16:06:37.075236', 'admin', 'Váy xếp ly mini phong cách trẻ trung, thích hợp cho các buổi tiệc tùng.', 'http://res.cloudinary.com/dsm4wjqql/image/upload/v1732003586/v%C3%A1y%20%28205%29.jpg', 'Váy Xếp Ly Mini', 520000, 2),
	(93, '2024-11-05 14:27:45.959058', 'admin', b'0', NULL, 'admin', 'Áo khoác chống nước, giữ ấm, thích hợp cho các hoạt động ngoài trời.', NULL, 'Áo Khoác Chống Nước', 900000, 1),
	(94, '2024-11-05 14:27:45.959058', 'admin', b'0', NULL, 'admin', 'Áo len vạt chéo phong cách, giữ ấm tốt cho mùa lạnh.', NULL, 'Áo Len Vạt Chéo', 350000, 2),
	(95, '2024-11-17 13:05:14.718587', 'admin', b'1', '2024-11-17 13:07:08.307069', 'admin', '', NULL, 'Quần Jean Nam rách1', 20000, 1),
	(96, '2024-11-17 13:46:33.417439', 'admin', b'0', '2024-11-17 13:46:33.423575', 'admin', 'quần mặc siêu đẹp', NULL, 'Quần Jean Nam', 200000, 1),
	(97, '2024-11-17 15:22:58.823981', 'admin', b'0', '2024-11-17 17:13:55.715884', 'admin', 'viết đủ 10 kí tự chưa', 'http://res.cloudinary.com/dsm4wjqql/image/upload/v1731304175/ao-Vest-Nam.jpg', 'Quần test', 100000, 1);

-- Dumping structure for table wearItnow.product_comments
CREATE TABLE IF NOT EXISTS `product_comments` (
  `comment_id` bigint NOT NULL AUTO_INCREMENT,
  `created_at` datetime(6) DEFAULT NULL,
  `created_by` varchar(255) DEFAULT NULL,
  `deleted` bit(1) NOT NULL,
  `updated_at` datetime(6) DEFAULT NULL,
  `updated_by` varchar(255) DEFAULT NULL,
  `content` text NOT NULL,
  `parent_id` bigint DEFAULT NULL,
  `rate` int DEFAULT NULL,
  `product_id` bigint DEFAULT NULL,
  `user_id` bigint NOT NULL,
  PRIMARY KEY (`comment_id`),
  KEY `FKlvw9kwav1pell1wg6xo0dmme6` (`product_id`),
  KEY `FKgl4kke0pjaht09vx7wilce0n0` (`user_id`),
  CONSTRAINT `FKgl4kke0pjaht09vx7wilce0n0` FOREIGN KEY (`user_id`) REFERENCES `users` (`user_id`),
  CONSTRAINT `FKlvw9kwav1pell1wg6xo0dmme6` FOREIGN KEY (`product_id`) REFERENCES `products` (`product_id`)
) ENGINE=InnoDB AUTO_INCREMENT=11 DEFAULT CHARSET=utf8mb4 COLLATE=utf8mb4_0900_ai_ci;

-- Dumping data for table wearItnow.product_comments: ~0 rows (approximately)
DELETE FROM `product_comments`;

-- Dumping structure for table wearItnow.product_favorites
CREATE TABLE IF NOT EXISTS `product_favorites` (
  `id` bigint NOT NULL AUTO_INCREMENT,
  `created_at` datetime(6) DEFAULT NULL,
  `created_by` varchar(255) DEFAULT NULL,
  `deleted` bit(1) NOT NULL,
  `updated_at` datetime(6) DEFAULT NULL,
  `updated_by` varchar(255) DEFAULT NULL,
  `product_id` bigint NOT NULL,
  `user_id` bigint NOT NULL,
  PRIMARY KEY (`id`),
  KEY `FKpkyejd2ayy5cedwdmsanhxeg8` (`product_id`),
  KEY `FKj4ki7h1gwbpxl7la1tx32wc8` (`user_id`),
  CONSTRAINT `FKj4ki7h1gwbpxl7la1tx32wc8` FOREIGN KEY (`user_id`) REFERENCES `users` (`user_id`),
  CONSTRAINT `FKpkyejd2ayy5cedwdmsanhxeg8` FOREIGN KEY (`product_id`) REFERENCES `products` (`product_id`)
) ENGINE=InnoDB AUTO_INCREMENT=43 DEFAULT CHARSET=utf8mb4 COLLATE=utf8mb4_0900_ai_ci;

-- Dumping data for table wearItnow.product_favorites: ~9 rows (approximately)
DELETE FROM `product_favorites`;
INSERT INTO `product_favorites` (`id`, `created_at`, `created_by`, `deleted`, `updated_at`, `updated_by`, `product_id`, `user_id`) VALUES
	(2, '2024-11-12 21:55:44.365736', NULL, b'0', '2024-11-12 21:55:44.365736', NULL, 19, 1),
	(14, '2024-11-15 18:48:56.114660', NULL, b'0', '2024-11-15 18:48:56.114690', NULL, 18, 7),
	(16, '2024-11-19 02:59:07.177485', NULL, b'0', '2024-11-19 02:59:07.177507', NULL, 19, 3),
	(20, '2024-11-21 00:10:26.949968', NULL, b'0', '2024-11-21 00:10:26.949993', NULL, 20, 3),
	(21, '2024-11-21 00:12:25.510461', NULL, b'0', '2024-11-21 00:12:25.510480', NULL, 21, 3),
	(33, '2024-11-21 01:34:43.907444', NULL, b'0', '2024-11-21 01:34:43.907467', NULL, 18, 3),
	(40, '2024-11-22 23:49:38.142701', NULL, b'0', '2024-11-22 23:49:38.142706', NULL, 20, 15),
	(41, '2024-11-22 23:49:39.532383', NULL, b'0', '2024-11-22 23:49:39.532388', NULL, 22, 15),
	(42, '2024-11-22 23:50:42.313590', NULL, b'0', '2024-11-22 23:50:42.313595', NULL, 21, 15);

-- Dumping structure for table wearItnow.product_images
CREATE TABLE IF NOT EXISTS `product_images` (
  `image_id` bigint NOT NULL AUTO_INCREMENT,
  `image_url` varchar(255) DEFAULT NULL,
  `product_id` bigint DEFAULT NULL,
  PRIMARY KEY (`image_id`),
  KEY `FKqnq71xsohugpqwf3c9gxmsuy` (`product_id`),
  CONSTRAINT `FKqnq71xsohugpqwf3c9gxmsuy` FOREIGN KEY (`product_id`) REFERENCES `products` (`product_id`)
) ENGINE=InnoDB AUTO_INCREMENT=257 DEFAULT CHARSET=utf8mb4 COLLATE=utf8mb4_0900_ai_ci;

-- Dumping data for table wearItnow.product_images: ~210 rows (approximately)
DELETE FROM `product_images`;
INSERT INTO `product_images` (`image_id`, `image_url`, `product_id`) VALUES
	(11, 'http://res.cloudinary.com/dsm4wjqql/image/upload/v1731302007/265.jpg', 19),
	(12, 'http://res.cloudinary.com/dsm4wjqql/image/upload/v1731302009/418.jpg', 19),
	(13, 'http://res.cloudinary.com/dsm4wjqql/image/upload/v1731302011/401.jpg', 19),
	(14, 'http://res.cloudinary.com/dsm4wjqql/image/upload/v1731302012/180.jpg', 19),
	(15, 'http://res.cloudinary.com/dsm4wjqql/image/upload/v1731302014/97.jpg', 19),
	(22, 'http://res.cloudinary.com/dsm4wjqql/image/upload/v1731302618/455.jpg', 22),
	(23, 'http://res.cloudinary.com/dsm4wjqql/image/upload/v1731302615/406.jpg', 22),
	(24, 'http://res.cloudinary.com/dsm4wjqql/image/upload/v1731302621/478.jpg', 22),
	(25, 'http://res.cloudinary.com/dsm4wjqql/image/upload/v1731302618/455.jpg', 22),
	(26, 'http://res.cloudinary.com/dsm4wjqql/image/upload/v1731302621/478.jpg', 22),
	(30, 'http://res.cloudinary.com/dsm4wjqql/image/upload/v1731302690/351.jpg', 27),
	(31, 'http://res.cloudinary.com/dsm4wjqql/image/upload/v1731302685/195.jpg', 27),
	(32, 'http://res.cloudinary.com/dsm4wjqql/image/upload/v1731302692/450.jpg', 27),
	(33, 'http://res.cloudinary.com/dsm4wjqql/image/upload/v1731302686/235.jpg', 27),
	(34, 'http://res.cloudinary.com/dsm4wjqql/image/upload/v1731302688/269.jpg', 27),
	(35, 'http://res.cloudinary.com/dsm4wjqql/image/upload/v1731302690/351.jpg', 27),
	(36, 'http://res.cloudinary.com/dsm4wjqql/image/upload/v1731302692/450.jpg', 27),
	(43, 'http://res.cloudinary.com/dsm4wjqql/image/upload/v1731302818/509.jpg', 25),
	(44, 'http://res.cloudinary.com/dsm4wjqql/image/upload/v1731302820/88.jpg', 25),
	(45, 'http://res.cloudinary.com/dsm4wjqql/image/upload/v1731302822/170.jpg', 25),
	(46, 'http://res.cloudinary.com/dsm4wjqql/image/upload/v1731302824/298.jpg', 25),
	(47, 'http://res.cloudinary.com/dsm4wjqql/image/upload/v1731302826/324.jpg', 25),
	(48, 'http://res.cloudinary.com/dsm4wjqql/image/upload/v1731302827/347.jpg', 25),
	(56, 'http://res.cloudinary.com/dsm4wjqql/image/upload/v1731302991/539.jpg', 24),
	(57, 'http://res.cloudinary.com/dsm4wjqql/image/upload/v1731302984/66.jpg', 24),
	(58, 'http://res.cloudinary.com/dsm4wjqql/image/upload/v1731302989/289.jpg', 24),
	(59, 'http://res.cloudinary.com/dsm4wjqql/image/upload/v1731302986/84.jpg', 24),
	(60, 'http://res.cloudinary.com/dsm4wjqql/image/upload/v1731302991/539.jpg', 24),
	(61, 'http://res.cloudinary.com/dsm4wjqql/image/upload/v1731302988/162.jpg', 24),
	(62, 'http://res.cloudinary.com/dsm4wjqql/image/upload/v1731302989/289.jpg', 24),
	(63, 'http://res.cloudinary.com/dsm4wjqql/image/upload/v1731302991/539.jpg', 24),
	(64, 'http://res.cloudinary.com/dsm4wjqql/image/upload/v1731303068/4.jpg', 23),
	(65, 'http://res.cloudinary.com/dsm4wjqql/image/upload/v1731303070/109.jpg', 23),
	(66, 'http://res.cloudinary.com/dsm4wjqql/image/upload/v1731303072/161.jpg', 23),
	(67, 'http://res.cloudinary.com/dsm4wjqql/image/upload/v1731303074/258.jpg', 23),
	(68, 'http://res.cloudinary.com/dsm4wjqql/image/upload/v1731303075/318.jpg', 23),
	(69, 'http://res.cloudinary.com/dsm4wjqql/image/upload/v1731303077/379.jpg', 23),
	(70, 'http://res.cloudinary.com/dsm4wjqql/image/upload/v1731303079/452.jpg', 23),
	(71, 'http://res.cloudinary.com/dsm4wjqql/image/upload/v1731303253/62.jpg', 28),
	(72, 'http://res.cloudinary.com/dsm4wjqql/image/upload/v1731303255/83.jpg', 28),
	(73, 'http://res.cloudinary.com/dsm4wjqql/image/upload/v1731303257/168.jpg', 28),
	(74, 'http://res.cloudinary.com/dsm4wjqql/image/upload/v1731303258/219.jpg', 28),
	(75, 'http://res.cloudinary.com/dsm4wjqql/image/upload/v1731303260/254.jpg', 28),
	(76, 'http://res.cloudinary.com/dsm4wjqql/image/upload/v1731303261/343.jpg', 28),
	(77, 'http://res.cloudinary.com/dsm4wjqql/image/upload/v1731303263/433.jpg', 28),
	(78, 'http://res.cloudinary.com/dsm4wjqql/image/upload/v1731303265/493.jpg', 28),
	(79, 'http://res.cloudinary.com/dsm4wjqql/image/upload/v1731303429/136.jpg', 29),
	(80, 'http://res.cloudinary.com/dsm4wjqql/image/upload/v1731303432/272.jpg', 29),
	(81, 'http://res.cloudinary.com/dsm4wjqql/image/upload/v1731303434/463.jpg', 29),
	(82, 'http://res.cloudinary.com/dsm4wjqql/image/upload/v1731303426/530.jpg', 29),
	(83, 'http://res.cloudinary.com/dsm4wjqql/image/upload/v1731303774/ao-so-mi-den2.webp', 32),
	(84, 'http://res.cloudinary.com/dsm4wjqql/image/upload/v1731303775/ao-so-mi-trang2.jpg', 32),
	(85, 'http://res.cloudinary.com/dsm4wjqql/image/upload/v1731303777/ao-so-mi-trang.jpg', 32),
	(86, 'http://res.cloudinary.com/dsm4wjqql/image/upload/v1731303771/ao-so-mi-den.jpg', 32),
	(87, 'http://res.cloudinary.com/dsm4wjqql/image/upload/v1731304060/5.jpg', 34),
	(88, 'http://res.cloudinary.com/dsm4wjqql/image/upload/v1731302615/406.jpg', 34),
	(89, 'http://res.cloudinary.com/dsm4wjqql/image/upload/v1731302618/455.jpg', 34),
	(90, 'http://res.cloudinary.com/dsm4wjqql/image/upload/v1731304177/ao-Vest-Nam4.jpg', 37),
	(91, 'http://res.cloudinary.com/dsm4wjqql/image/upload/v1731304180/ao-Vest-Nam3.jpg', 37),
	(92, 'http://res.cloudinary.com/dsm4wjqql/image/upload/v1731304184/ao-Vest-Nam2.jpg', 37),
	(93, 'http://res.cloudinary.com/dsm4wjqql/image/upload/v1731304175/ao-Vest-Nam.jpg', 37),
	(94, 'http://res.cloudinary.com/dsm4wjqql/image/upload/v1731304305/86.jpg', 39),
	(95, 'http://res.cloudinary.com/dsm4wjqql/image/upload/v1731304307/178.jpg', 39),
	(96, 'http://res.cloudinary.com/dsm4wjqql/image/upload/v1731304308/257.jpg', 39),
	(97, 'http://res.cloudinary.com/dsm4wjqql/image/upload/v1731304310/270.jpg', 39),
	(98, 'http://res.cloudinary.com/dsm4wjqql/image/upload/v1731304313/369.jpg', 39),
	(99, 'http://res.cloudinary.com/dsm4wjqql/image/upload/v1731304315/405.jpg', 39),
	(100, 'http://res.cloudinary.com/dsm4wjqql/image/upload/v1731304423/93.jpg', 41),
	(101, 'http://res.cloudinary.com/dsm4wjqql/image/upload/v1731304426/553.jpg', 41),
	(102, 'http://res.cloudinary.com/dsm4wjqql/image/upload/v1731304428/228.jpg', 41),
	(103, 'http://res.cloudinary.com/dsm4wjqql/image/upload/v1731304632/quan-tay-cao-cap3.jpg', 46),
	(104, 'http://res.cloudinary.com/dsm4wjqql/image/upload/v1731304634/quan-tay-cao-cap2.jpg', 46),
	(108, 'http://res.cloudinary.com/dsm4wjqql/image/upload/v1731660075/128.jpg', 20),
	(109, 'http://res.cloudinary.com/dsm4wjqql/image/upload/v1731660078/262.jpg', 20),
	(110, 'http://res.cloudinary.com/dsm4wjqql/image/upload/v1731660080/431.jpg', 20),
	(111, 'http://res.cloudinary.com/dsm4wjqql/image/upload/v1731660081/549.jpg', 20),
	(112, 'http://res.cloudinary.com/dsm4wjqql/image/upload/v1731660083/156.jpg', 20),
	(114, 'http://res.cloudinary.com/dsm4wjqql/image/upload/v1731308305/127.jpg', 18),
	(115, 'http://res.cloudinary.com/dsm4wjqql/image/upload/v1731308307/397.jpg', 18),
	(116, 'http://res.cloudinary.com/dsm4wjqql/image/upload/v1731308309/469.jpg', 18),
	(117, 'http://res.cloudinary.com/dsm4wjqql/image/upload/v1731303777/ao-so-mi-trang.jpg', 97),
	(118, 'http://res.cloudinary.com/dsm4wjqql/image/upload/v1731303771/ao-so-mi-den.jpg', 97),
	(119, 'http://res.cloudinary.com/dsm4wjqql/image/upload/v1731302502/quan-jeans-rach4.jpg', 97),
	(120, 'http://res.cloudinary.com/dsm4wjqql/image/upload/v1731902991/aokhoac%20%28122%29.jpg', 56),
	(121, 'http://res.cloudinary.com/dsm4wjqql/image/upload/v1731902993/aokhoac%20%28141%29.jpg', 56),
	(122, 'http://res.cloudinary.com/dsm4wjqql/image/upload/v1731902995/aokhoac%20%285%29.jpg', 56),
	(123, 'http://res.cloudinary.com/dsm4wjqql/image/upload/v1731902997/aokhoac%20%2876%29.jpg', 56),
	(124, 'http://res.cloudinary.com/dsm4wjqql/image/upload/v1731902998/aokhoac%20%28103%29.jpg', 56),
	(125, 'http://res.cloudinary.com/dsm4wjqql/image/upload/v1731903000/aokhoac%20%28116%29.jpg', 56),
	(126, 'http://res.cloudinary.com/dsm4wjqql/image/upload/v1731903052/ao%20%2837%29.jpg', 57),
	(127, 'http://res.cloudinary.com/dsm4wjqql/image/upload/v1731903054/ao%20%28101%29.jpg', 57),
	(128, 'http://res.cloudinary.com/dsm4wjqql/image/upload/v1731903056/ao%20%28130%29.jpg', 57),
	(129, 'http://res.cloudinary.com/dsm4wjqql/image/upload/v1731903122/ao%20%2827%29.jpg', 58),
	(130, 'http://res.cloudinary.com/dsm4wjqql/image/upload/v1731903125/ao%20%2831%29.jpg', 58),
	(131, 'http://res.cloudinary.com/dsm4wjqql/image/upload/v1731903127/ao%20%2846%29.jpg', 58),
	(132, 'http://res.cloudinary.com/dsm4wjqql/image/upload/v1731903129/ao%20%2885%29.jpg', 58),
	(133, 'http://res.cloudinary.com/dsm4wjqql/image/upload/v1731903131/ao%20%28105%29.jpg', 58),
	(141, 'http://res.cloudinary.com/dsm4wjqql/image/upload/v1731903323/ao%20%2860%29.jpg', 60),
	(142, 'http://res.cloudinary.com/dsm4wjqql/image/upload/v1731903324/ao%20%2825%29.jpg', 60),
	(143, 'http://res.cloudinary.com/dsm4wjqql/image/upload/v1731903326/ao%20%2833%29.jpg', 60),
	(144, 'http://res.cloudinary.com/dsm4wjqql/image/upload/v1731903328/ao%20%2850%29.jpg', 60),
	(145, 'http://res.cloudinary.com/dsm4wjqql/image/upload/v1731903357/aokhoac%20%2837%29.jpg', 61),
	(146, 'http://res.cloudinary.com/dsm4wjqql/image/upload/v1731903359/aokhoac%20%2856%29.jpg', 61),
	(147, 'http://res.cloudinary.com/dsm4wjqql/image/upload/v1731903361/aokhoac%20%2880%29.jpg', 61),
	(148, 'http://res.cloudinary.com/dsm4wjqql/image/upload/v1731903363/aokhoac%20%2821%29.jpg', 61),
	(149, 'http://res.cloudinary.com/dsm4wjqql/image/upload/v1731903365/aokhoac%20%2871%29.jpg', 61),
	(153, 'http://res.cloudinary.com/dsm4wjqql/image/upload/v1731903442/quan%20%2845%29.jpg', 62),
	(154, 'http://res.cloudinary.com/dsm4wjqql/image/upload/v1731903445/quan%20%2851%29.jpg', 62),
	(155, 'http://res.cloudinary.com/dsm4wjqql/image/upload/v1731903446/quan%20%2870%29.jpg', 62),
	(156, 'http://res.cloudinary.com/dsm4wjqql/image/upload/v1731903448/quan%20%2877%29.jpg', 62),
	(157, 'http://res.cloudinary.com/dsm4wjqql/image/upload/v1731903450/quan%20%2889%29.jpg', 62),
	(158, 'http://res.cloudinary.com/dsm4wjqql/image/upload/v1731903482/aokhoac%20%28140%29.jpg', 63),
	(159, 'http://res.cloudinary.com/dsm4wjqql/image/upload/v1731903485/aokhoac%20%2881%29.jpg', 63),
	(160, 'http://res.cloudinary.com/dsm4wjqql/image/upload/v1731903486/aokhoac%20%28104%29.jpg', 63),
	(161, 'http://res.cloudinary.com/dsm4wjqql/image/upload/v1731903488/aokhoac%20%28106%29.jpg', 63),
	(162, 'http://res.cloudinary.com/dsm4wjqql/image/upload/v1731903535/274.jpg', 64),
	(163, 'http://res.cloudinary.com/dsm4wjqql/image/upload/v1731903537/330.jpg', 64),
	(164, 'http://res.cloudinary.com/dsm4wjqql/image/upload/v1731903622/aokhoac%20%2890%29.jpg', 70),
	(165, 'http://res.cloudinary.com/dsm4wjqql/image/upload/v1731903624/aokhoac%20%2841%29.jpg', 70),
	(166, 'http://res.cloudinary.com/dsm4wjqql/image/upload/v1731903626/aokhoac%20%2817%29.jpg', 70),
	(167, 'http://res.cloudinary.com/dsm4wjqql/image/upload/v1731903628/aokhoac%20%2849%29.jpg', 70),
	(168, 'http://res.cloudinary.com/dsm4wjqql/image/upload/v1731903630/aokhoac%20%2887%29.jpg', 70),
	(169, 'http://res.cloudinary.com/dsm4wjqql/image/upload/v1731903631/aokhoac%20%2897%29.jpg', 70),
	(170, 'http://res.cloudinary.com/dsm4wjqql/image/upload/v1731902989/aokhoac%20%28111%29.jpg', 70),
	(171, 'http://res.cloudinary.com/dsm4wjqql/image/upload/v1731903779/aothuntaydai.jpg', 71),
	(172, 'http://res.cloudinary.com/dsm4wjqql/image/upload/v1731903784/ao-thun-tay-dai-xanh.jpg', 71),
	(173, 'http://res.cloudinary.com/dsm4wjqql/image/upload/v1732003305/v%C3%A1y%20%289%29.jpg', 30),
	(174, 'http://res.cloudinary.com/dsm4wjqql/image/upload/v1732003311/v%C3%A1y%20%28143%29.jpg', 30),
	(175, 'http://res.cloudinary.com/dsm4wjqql/image/upload/v1732003314/v%C3%A1y%20%28196%29.jpg', 30),
	(176, 'http://res.cloudinary.com/dsm4wjqql/image/upload/v1732003316/v%C3%A1y%20%28253%29.jpg', 30),
	(177, 'http://res.cloudinary.com/dsm4wjqql/image/upload/v1732003319/v%C3%A1y%20%28367%29.jpg', 30),
	(178, 'http://res.cloudinary.com/dsm4wjqql/image/upload/v1732003349/v%C3%A1y%20%2872%29.jpg', 35),
	(179, 'http://res.cloudinary.com/dsm4wjqql/image/upload/v1732003351/v%C3%A1y%20%28153%29.jpg', 35),
	(180, 'http://res.cloudinary.com/dsm4wjqql/image/upload/v1732003353/v%C3%A1y%20%28193%29.jpg', 35),
	(181, 'http://res.cloudinary.com/dsm4wjqql/image/upload/v1732003357/v%C3%A1y%20%28250%29.jpg', 35),
	(182, 'http://res.cloudinary.com/dsm4wjqql/image/upload/v1732003360/v%C3%A1y%20%28338%29.jpg', 35),
	(183, 'http://res.cloudinary.com/dsm4wjqql/image/upload/v1732003371/v%C3%A1y%20%28144%29.jpg', 38),
	(184, 'http://res.cloudinary.com/dsm4wjqql/image/upload/v1732003374/v%C3%A1y%20%28118%29.jpg', 38),
	(185, 'http://res.cloudinary.com/dsm4wjqql/image/upload/v1732003377/v%C3%A1y%20%28165%29.jpg', 38),
	(186, 'http://res.cloudinary.com/dsm4wjqql/image/upload/v1732003381/v%C3%A1y%20%28204%29.jpg', 38),
	(187, 'http://res.cloudinary.com/dsm4wjqql/image/upload/v1732003393/v%C3%A1y%20%28321%29.jpg', 42),
	(188, 'http://res.cloudinary.com/dsm4wjqql/image/upload/v1732003396/v%C3%A1y%20%28364%29.jpg', 42),
	(189, 'http://res.cloudinary.com/dsm4wjqql/image/upload/v1732003351/v%C3%A1y%20%28153%29.jpg', 42),
	(190, 'http://res.cloudinary.com/dsm4wjqql/image/upload/v1732003413/v%C3%A1y%20%28436%29.jpg', 50),
	(191, 'http://res.cloudinary.com/dsm4wjqql/image/upload/v1732003417/v%C3%A1y%20%281%29.jpg', 50),
	(192, 'http://res.cloudinary.com/dsm4wjqql/image/upload/v1732003421/v%C3%A1y%20%28116%29.jpg', 50),
	(193, 'http://res.cloudinary.com/dsm4wjqql/image/upload/v1732003424/v%C3%A1y%20%28168%29.jpg', 50),
	(194, 'http://res.cloudinary.com/dsm4wjqql/image/upload/v1732003349/v%C3%A1y%20%2872%29.jpg', 55),
	(195, 'http://res.cloudinary.com/dsm4wjqql/image/upload/v1732003351/v%C3%A1y%20%28153%29.jpg', 55),
	(196, 'http://res.cloudinary.com/dsm4wjqql/image/upload/v1732003353/v%C3%A1y%20%28193%29.jpg', 55),
	(197, 'http://res.cloudinary.com/dsm4wjqql/image/upload/v1732003357/v%C3%A1y%20%28250%29.jpg', 55),
	(198, 'http://res.cloudinary.com/dsm4wjqql/image/upload/v1732003360/v%C3%A1y%20%28338%29.jpg', 55),
	(199, 'http://res.cloudinary.com/dsm4wjqql/image/upload/v1732003450/v%C3%A1y%20%28417%29.jpg', 55),
	(200, 'http://res.cloudinary.com/dsm4wjqql/image/upload/v1732003462/v%C3%A1y%20%28109%29.jpg', 59),
	(201, 'http://res.cloudinary.com/dsm4wjqql/image/upload/v1732003465/v%C3%A1y%20%28132%29.jpg', 59),
	(202, 'http://res.cloudinary.com/dsm4wjqql/image/upload/v1732003468/v%C3%A1y%20%28195%29.jpg', 59),
	(203, 'http://res.cloudinary.com/dsm4wjqql/image/upload/v1732003471/v%C3%A1y%20%28307%29.jpg', 59),
	(204, 'http://res.cloudinary.com/dsm4wjqql/image/upload/v1732003473/v%C3%A1y%20%28461%29.jpg', 59),
	(205, 'http://res.cloudinary.com/dsm4wjqql/image/upload/v1732003489/v%C3%A1y%20%28401%29.jpg', 69),
	(206, 'http://res.cloudinary.com/dsm4wjqql/image/upload/v1732003491/v%C3%A1y%20%28458%29.jpg', 69),
	(207, 'http://res.cloudinary.com/dsm4wjqql/image/upload/v1732003493/v%C3%A1y%20%28486%29.jpg', 69),
	(208, 'http://res.cloudinary.com/dsm4wjqql/image/upload/v1732003495/v%C3%A1y%20%2851%29.jpg', 69),
	(209, 'http://res.cloudinary.com/dsm4wjqql/image/upload/v1732003493/v%C3%A1y%20%28486%29.jpg', 72),
	(210, 'http://res.cloudinary.com/dsm4wjqql/image/upload/v1732003495/v%C3%A1y%20%2851%29.jpg', 72),
	(211, 'http://res.cloudinary.com/dsm4wjqql/image/upload/v1732003529/v%C3%A1y%20%28122%29.jpg', 72),
	(212, 'http://res.cloudinary.com/dsm4wjqql/image/upload/v1732003531/v%C3%A1y%20%28150%29.jpg', 72),
	(213, 'http://res.cloudinary.com/dsm4wjqql/image/upload/v1732003588/v%C3%A1y%20%28227%29.jpg', 92),
	(214, 'http://res.cloudinary.com/dsm4wjqql/image/upload/v1732003590/v%C3%A1y%20%28301%29.jpg', 92),
	(215, 'http://res.cloudinary.com/dsm4wjqql/image/upload/v1732003592/v%C3%A1y%20%28432%29.jpg', 92),
	(216, 'http://res.cloudinary.com/dsm4wjqql/image/upload/v1732003594/v%C3%A1y%20%28149%29.jpg', 92),
	(217, 'http://res.cloudinary.com/dsm4wjqql/image/upload/v1732003596/v%C3%A1y%20%28261%29.jpg', 92),
	(218, 'http://res.cloudinary.com/dsm4wjqql/image/upload/v1732003489/v%C3%A1y%20%28401%29.jpg', 88),
	(219, 'http://res.cloudinary.com/dsm4wjqql/image/upload/v1732003491/v%C3%A1y%20%28458%29.jpg', 88),
	(220, 'http://res.cloudinary.com/dsm4wjqql/image/upload/v1732003493/v%C3%A1y%20%28486%29.jpg', 88),
	(221, 'http://res.cloudinary.com/dsm4wjqql/image/upload/v1732003495/v%C3%A1y%20%2851%29.jpg', 88),
	(222, 'http://res.cloudinary.com/dsm4wjqql/image/upload/v1732003529/v%C3%A1y%20%28122%29.jpg', 88),
	(223, 'http://res.cloudinary.com/dsm4wjqql/image/upload/v1732003669/v%C3%A1y%20%28373%29.jpg', 82),
	(224, 'http://res.cloudinary.com/dsm4wjqql/image/upload/v1732003671/v%C3%A1y%20%28416%29.jpg', 82),
	(225, 'http://res.cloudinary.com/dsm4wjqql/image/upload/v1732003673/v%C3%A1y%20%28452%29.jpg', 82),
	(226, 'http://res.cloudinary.com/dsm4wjqql/image/upload/v1732003704/v%C3%A1y%20%28339%29.jpg', 78),
	(227, 'http://res.cloudinary.com/dsm4wjqql/image/upload/v1732003489/v%C3%A1y%20%28401%29.jpg', 78),
	(228, 'http://res.cloudinary.com/dsm4wjqql/image/upload/v1732003491/v%C3%A1y%20%28458%29.jpg', 78),
	(229, 'http://res.cloudinary.com/dsm4wjqql/image/upload/v1732003493/v%C3%A1y%20%28486%29.jpg', 78),
	(230, 'http://res.cloudinary.com/dsm4wjqql/image/upload/v1732003712/v%C3%A1y%20%28292%29.jpg', 78),
	(231, 'http://res.cloudinary.com/dsm4wjqql/image/upload/v1732003714/v%C3%A1y%20%28360%29.jpg', 78),
	(232, 'http://res.cloudinary.com/dsm4wjqql/image/upload/v1732003727/v%C3%A1y%20%28127%29.jpg', 74),
	(233, 'http://res.cloudinary.com/dsm4wjqql/image/upload/v1732003728/v%C3%A1y%20%28216%29.jpg', 74),
	(234, 'http://res.cloudinary.com/dsm4wjqql/image/upload/v1732003393/v%C3%A1y%20%28321%29.jpg', 74),
	(235, 'http://res.cloudinary.com/dsm4wjqql/image/upload/v1732003396/v%C3%A1y%20%28364%29.jpg', 74),
	(236, 'http://res.cloudinary.com/dsm4wjqql/image/upload/v1732003743/v%C3%A1y%20%28430%29.jpg', 74),
	(237, 'http://res.cloudinary.com/dsm4wjqql/image/upload/v1732003823/214.jpg', 44),
	(238, 'http://res.cloudinary.com/dsm4wjqql/image/upload/v1732003825/376.jpg', 44),
	(239, 'http://res.cloudinary.com/dsm4wjqql/image/upload/v1732003821/404.jpg', 44),
	(240, 'http://res.cloudinary.com/dsm4wjqql/image/upload/v1732003831/526.jpg', 44),
	(241, 'http://res.cloudinary.com/dsm4wjqql/image/upload/v1732003832/359.jpg', 44),
	(242, 'http://res.cloudinary.com/dsm4wjqql/image/upload/v1732003834/100.jpg', 44),
	(243, 'http://res.cloudinary.com/dsm4wjqql/image/upload/v1732003902/305.jpg', 53),
	(244, 'http://res.cloudinary.com/dsm4wjqql/image/upload/v1732003906/338.jpg', 53),
	(245, 'http://res.cloudinary.com/dsm4wjqql/image/upload/v1732003929/85.jpg', 54),
	(246, 'http://res.cloudinary.com/dsm4wjqql/image/upload/v1732003930/146.jpg', 54),
	(247, 'http://res.cloudinary.com/dsm4wjqql/image/upload/v1732003932/194.jpg', 54),
	(248, 'http://res.cloudinary.com/dsm4wjqql/image/upload/v1732003927/293.jpg', 54),
	(249, 'http://res.cloudinary.com/dsm4wjqql/image/upload/v1732003935/353.jpg', 54),
	(250, 'http://res.cloudinary.com/dsm4wjqql/image/upload/v1732004152/341.jpg', 73),
	(251, 'http://res.cloudinary.com/dsm4wjqql/image/upload/v1732004154/442.jpg', 73),
	(252, 'http://res.cloudinary.com/dsm4wjqql/image/upload/v1732004156/474.jpg', 73),
	(253, 'http://res.cloudinary.com/dsm4wjqql/image/upload/v1732004191/519.jpg', 65),
	(254, 'http://res.cloudinary.com/dsm4wjqql/image/upload/v1732004192/44.jpg', 65),
	(255, 'http://res.cloudinary.com/dsm4wjqql/image/upload/v1732004194/80.jpg', 65),
	(256, 'http://res.cloudinary.com/dsm4wjqql/image/upload/v1732004196/316.jpg', 65);

-- Dumping structure for table wearItnow.product_inventories
CREATE TABLE IF NOT EXISTS `product_inventories` (
  `product_inventory_id` bigint NOT NULL AUTO_INCREMENT,
  `created_at` datetime(6) DEFAULT NULL,
  `created_by` varchar(255) DEFAULT NULL,
  `deleted` bit(1) NOT NULL,
  `updated_at` datetime(6) DEFAULT NULL,
  `updated_by` varchar(255) DEFAULT NULL,
  `color` varchar(255) DEFAULT NULL,
  `quantity` int DEFAULT NULL,
  `size` varchar(255) DEFAULT NULL,
  `product_id` bigint NOT NULL,
  PRIMARY KEY (`product_inventory_id`),
  KEY `FK53md215ibhaod6dw7af2qussf` (`product_id`),
  CONSTRAINT `FK53md215ibhaod6dw7af2qussf` FOREIGN KEY (`product_id`) REFERENCES `products` (`product_id`)
) ENGINE=InnoDB AUTO_INCREMENT=3850 DEFAULT CHARSET=utf8mb4 COLLATE=utf8mb4_0900_ai_ci;

-- Dumping data for table wearItnow.product_inventories: ~1,859 rows (approximately)
DELETE FROM `product_inventories`;
INSERT INTO `product_inventories` (`product_inventory_id`, `created_at`, `created_by`, `deleted`, `updated_at`, `updated_by`, `color`, `quantity`, `size`, `product_id`) VALUES
	(65, '2024-11-17 19:13:16.266113', NULL, b'0', '2024-11-22 16:36:57.330637', NULL, 'Green', 24, 'S', 18),
	(66, '2024-11-17 19:14:11.929311', NULL, b'0', '2024-11-22 16:33:40.787947', NULL, 'Olive', 6, 'XXL', 18),
	(67, '2024-11-17 19:15:02.955733', NULL, b'0', '2024-11-22 23:42:37.072309', NULL, 'Olive', 67, 'S', 19),
	(68, '2024-11-17 19:54:21.489161', NULL, b'0', '2024-11-21 21:44:01.707269', NULL, 'Red', 6, 'M', 18),
	(69, '2024-11-17 19:55:44.196843', NULL, b'0', '2024-11-21 13:27:01.638215', NULL, 'Red', 8, 'S', 18),
	(71, '2024-11-18 20:19:07.862030', NULL, b'0', '2024-11-22 23:42:35.003174', NULL, '#ea1010', 5, 'M', 19),
	(72, '2024-11-18 20:22:27.012683', NULL, b'0', '2024-11-21 21:47:22.963806', NULL, '#cb1a1a', 1, 'M', 18),
	(73, '2024-11-19 03:09:23.167999', NULL, b'0', '2024-11-20 18:05:20.287239', NULL, '#db8fcd', 2, 'M', 18),
	(1999, NULL, NULL, b'0', NULL, NULL, 'Red', 100, 'S', 20),
	(2000, NULL, NULL, b'0', NULL, NULL, 'Red', 100, 'M', 20),
	(2001, NULL, NULL, b'0', NULL, NULL, 'Red', 100, 'L', 20),
	(2002, NULL, NULL, b'0', '2024-11-22 23:42:35.009378', NULL, 'Red', 99, 'XL', 20),
	(2003, NULL, NULL, b'0', NULL, NULL, 'Red', 100, 'XXL', 20),
	(2004, NULL, NULL, b'0', '2024-11-22 10:23:44.230045', NULL, 'Blue', 99, 'S', 20),
	(2005, NULL, NULL, b'0', NULL, NULL, 'Blue', 100, 'M', 20),
	(2006, NULL, NULL, b'0', NULL, NULL, 'Blue', 100, 'L', 20),
	(2007, NULL, NULL, b'0', NULL, NULL, 'Blue', 100, 'XL', 20),
	(2008, NULL, NULL, b'0', NULL, NULL, 'Blue', 100, 'XXL', 20),
	(2009, NULL, NULL, b'0', NULL, NULL, 'Green', 100, 'S', 20),
	(2010, NULL, NULL, b'0', NULL, NULL, 'Green', 100, 'M', 20),
	(2011, NULL, NULL, b'0', NULL, NULL, 'Green', 100, 'L', 20),
	(2012, NULL, NULL, b'0', NULL, NULL, 'Green', 100, 'XL', 20),
	(2013, NULL, NULL, b'0', NULL, NULL, 'Green', 100, 'XXL', 20),
	(2014, NULL, NULL, b'0', NULL, NULL, 'Yellow', 100, 'S', 20),
	(2015, NULL, NULL, b'0', NULL, NULL, 'Yellow', 100, 'M', 20),
	(2016, NULL, NULL, b'0', NULL, NULL, 'Yellow', 100, 'L', 20),
	(2017, NULL, NULL, b'0', NULL, NULL, 'Yellow', 100, 'XL', 20),
	(2018, NULL, NULL, b'0', NULL, NULL, 'Yellow', 100, 'XXL', 20),
	(2019, NULL, NULL, b'0', NULL, NULL, 'Black', 100, 'S', 20),
	(2020, NULL, NULL, b'0', NULL, NULL, 'Black', 100, 'M', 20),
	(2021, NULL, NULL, b'0', NULL, NULL, 'Black', 100, 'L', 20),
	(2022, NULL, NULL, b'0', NULL, NULL, 'Black', 100, 'XL', 20),
	(2023, NULL, NULL, b'0', NULL, NULL, 'Black', 100, 'XXL', 20),
	(2024, NULL, NULL, b'0', NULL, NULL, 'Red', 100, 'S', 21),
	(2025, NULL, NULL, b'0', NULL, NULL, 'Red', 100, 'M', 21),
	(2026, NULL, NULL, b'0', NULL, NULL, 'Red', 100, 'L', 21),
	(2027, NULL, NULL, b'0', NULL, NULL, 'Red', 100, 'XL', 21),
	(2028, NULL, NULL, b'0', NULL, NULL, 'Red', 100, 'XXL', 21),
	(2029, NULL, NULL, b'0', NULL, NULL, 'Blue', 100, 'S', 21),
	(2030, NULL, NULL, b'0', NULL, NULL, 'Blue', 100, 'M', 21),
	(2031, NULL, NULL, b'0', NULL, NULL, 'Blue', 100, 'L', 21),
	(2032, NULL, NULL, b'0', '2024-11-22 23:42:35.015239', NULL, 'Blue', 98, 'XL', 21),
	(2033, NULL, NULL, b'0', NULL, NULL, 'Blue', 100, 'XXL', 21),
	(2034, NULL, NULL, b'0', NULL, NULL, 'Green', 100, 'S', 21),
	(2035, NULL, NULL, b'0', NULL, NULL, 'Green', 100, 'M', 21),
	(2036, NULL, NULL, b'0', NULL, NULL, 'Green', 100, 'L', 21),
	(2037, NULL, NULL, b'0', NULL, NULL, 'Green', 100, 'XL', 21),
	(2038, NULL, NULL, b'0', NULL, NULL, 'Green', 100, 'XXL', 21),
	(2039, NULL, NULL, b'0', NULL, NULL, 'Yellow', 100, 'S', 21),
	(2040, NULL, NULL, b'0', NULL, NULL, 'Yellow', 100, 'M', 21),
	(2041, NULL, NULL, b'0', NULL, NULL, 'Yellow', 100, 'L', 21),
	(2042, NULL, NULL, b'0', NULL, NULL, 'Yellow', 100, 'XL', 21),
	(2043, NULL, NULL, b'0', NULL, NULL, 'Yellow', 100, 'XXL', 21),
	(2044, NULL, NULL, b'0', NULL, NULL, 'Black', 100, 'S', 21),
	(2045, NULL, NULL, b'0', NULL, NULL, 'Black', 100, 'M', 21),
	(2046, NULL, NULL, b'0', NULL, NULL, 'Black', 100, 'L', 21),
	(2047, NULL, NULL, b'0', NULL, NULL, 'Black', 100, 'XL', 21),
	(2048, NULL, NULL, b'0', NULL, NULL, 'Black', 100, 'XXL', 21),
	(2049, NULL, NULL, b'0', NULL, NULL, 'Red', 100, 'S', 22),
	(2050, NULL, NULL, b'0', '2024-11-22 16:33:38.088432', NULL, 'Red', 100, 'M', 22),
	(2051, NULL, NULL, b'0', NULL, NULL, 'Red', 100, 'L', 22),
	(2052, NULL, NULL, b'0', NULL, NULL, 'Red', 100, 'XL', 22),
	(2053, NULL, NULL, b'0', NULL, NULL, 'Red', 100, 'XXL', 22),
	(2054, NULL, NULL, b'0', NULL, NULL, 'Blue', 100, 'S', 22),
	(2055, NULL, NULL, b'0', NULL, NULL, 'Blue', 100, 'M', 22),
	(2056, NULL, NULL, b'0', NULL, NULL, 'Blue', 100, 'L', 22),
	(2057, NULL, NULL, b'0', NULL, NULL, 'Blue', 100, 'XL', 22),
	(2058, NULL, NULL, b'0', NULL, NULL, 'Blue', 100, 'XXL', 22),
	(2059, NULL, NULL, b'0', NULL, NULL, 'Green', 100, 'S', 22),
	(2060, NULL, NULL, b'0', NULL, NULL, 'Green', 100, 'M', 22),
	(2061, NULL, NULL, b'0', NULL, NULL, 'Green', 100, 'L', 22),
	(2062, NULL, NULL, b'0', NULL, NULL, 'Green', 100, 'XL', 22),
	(2063, NULL, NULL, b'0', NULL, NULL, 'Green', 100, 'XXL', 22),
	(2064, NULL, NULL, b'0', NULL, NULL, 'Yellow', 100, 'S', 22),
	(2065, NULL, NULL, b'0', NULL, NULL, 'Yellow', 100, 'M', 22),
	(2066, NULL, NULL, b'0', NULL, NULL, 'Yellow', 100, 'L', 22),
	(2067, NULL, NULL, b'0', NULL, NULL, 'Yellow', 100, 'XL', 22),
	(2068, NULL, NULL, b'0', NULL, NULL, 'Yellow', 100, 'XXL', 22),
	(2069, NULL, NULL, b'0', NULL, NULL, 'Black', 100, 'S', 22),
	(2070, NULL, NULL, b'0', NULL, NULL, 'Black', 100, 'M', 22),
	(2071, NULL, NULL, b'0', NULL, NULL, 'Black', 100, 'L', 22),
	(2072, NULL, NULL, b'0', NULL, NULL, 'Black', 100, 'XL', 22),
	(2073, NULL, NULL, b'0', NULL, NULL, 'Black', 100, 'XXL', 22),
	(2074, NULL, NULL, b'0', NULL, NULL, 'Red', 100, 'S', 23),
	(2075, NULL, NULL, b'0', NULL, NULL, 'Red', 100, 'M', 23),
	(2076, NULL, NULL, b'0', NULL, NULL, 'Red', 100, 'L', 23),
	(2077, NULL, NULL, b'0', NULL, NULL, 'Red', 100, 'XL', 23),
	(2078, NULL, NULL, b'0', NULL, NULL, 'Red', 100, 'XXL', 23),
	(2079, NULL, NULL, b'0', NULL, NULL, 'Blue', 100, 'S', 23),
	(2080, NULL, NULL, b'0', NULL, NULL, 'Blue', 100, 'M', 23),
	(2081, NULL, NULL, b'0', NULL, NULL, 'Blue', 100, 'L', 23),
	(2082, NULL, NULL, b'0', NULL, NULL, 'Blue', 100, 'XL', 23),
	(2083, NULL, NULL, b'0', NULL, NULL, 'Blue', 100, 'XXL', 23),
	(2084, NULL, NULL, b'0', NULL, NULL, 'Green', 100, 'S', 23),
	(2085, NULL, NULL, b'0', NULL, NULL, 'Green', 100, 'M', 23),
	(2086, NULL, NULL, b'0', NULL, NULL, 'Green', 100, 'L', 23),
	(2087, NULL, NULL, b'0', NULL, NULL, 'Green', 100, 'XL', 23),
	(2088, NULL, NULL, b'0', NULL, NULL, 'Green', 100, 'XXL', 23),
	(2089, NULL, NULL, b'0', NULL, NULL, 'Yellow', 100, 'S', 23),
	(2090, NULL, NULL, b'0', NULL, NULL, 'Yellow', 100, 'M', 23),
	(2091, NULL, NULL, b'0', NULL, NULL, 'Yellow', 100, 'L', 23),
	(2092, NULL, NULL, b'0', NULL, NULL, 'Yellow', 100, 'XL', 23),
	(2093, NULL, NULL, b'0', NULL, NULL, 'Yellow', 100, 'XXL', 23),
	(2094, NULL, NULL, b'0', NULL, NULL, 'Black', 100, 'S', 23),
	(2095, NULL, NULL, b'0', NULL, NULL, 'Black', 100, 'M', 23),
	(2096, NULL, NULL, b'0', NULL, NULL, 'Black', 100, 'L', 23),
	(2097, NULL, NULL, b'0', NULL, NULL, 'Black', 100, 'XL', 23),
	(2098, NULL, NULL, b'0', NULL, NULL, 'Black', 100, 'XXL', 23),
	(2099, NULL, NULL, b'0', NULL, NULL, 'Red', 100, 'S', 24),
	(2100, NULL, NULL, b'0', NULL, NULL, 'Red', 100, 'M', 24),
	(2101, NULL, NULL, b'0', NULL, NULL, 'Red', 100, 'L', 24),
	(2102, NULL, NULL, b'0', NULL, NULL, 'Red', 100, 'XL', 24),
	(2103, NULL, NULL, b'0', NULL, NULL, 'Red', 100, 'XXL', 24),
	(2104, NULL, NULL, b'0', NULL, NULL, 'Blue', 100, 'S', 24),
	(2105, NULL, NULL, b'0', NULL, NULL, 'Blue', 100, 'M', 24),
	(2106, NULL, NULL, b'0', NULL, NULL, 'Blue', 100, 'L', 24),
	(2107, NULL, NULL, b'0', NULL, NULL, 'Blue', 100, 'XL', 24),
	(2108, NULL, NULL, b'0', NULL, NULL, 'Blue', 100, 'XXL', 24),
	(2109, NULL, NULL, b'0', NULL, NULL, 'Green', 100, 'S', 24),
	(2110, NULL, NULL, b'0', NULL, NULL, 'Green', 100, 'M', 24),
	(2111, NULL, NULL, b'0', NULL, NULL, 'Green', 100, 'L', 24),
	(2112, NULL, NULL, b'0', NULL, NULL, 'Green', 100, 'XL', 24),
	(2113, NULL, NULL, b'0', NULL, NULL, 'Green', 100, 'XXL', 24),
	(2114, NULL, NULL, b'0', NULL, NULL, 'Yellow', 100, 'S', 24),
	(2115, NULL, NULL, b'0', NULL, NULL, 'Yellow', 100, 'M', 24),
	(2116, NULL, NULL, b'0', NULL, NULL, 'Yellow', 100, 'L', 24),
	(2117, NULL, NULL, b'0', NULL, NULL, 'Yellow', 100, 'XL', 24),
	(2118, NULL, NULL, b'0', NULL, NULL, 'Yellow', 100, 'XXL', 24),
	(2119, NULL, NULL, b'0', NULL, NULL, 'Black', 100, 'S', 24),
	(2120, NULL, NULL, b'0', NULL, NULL, 'Black', 100, 'M', 24),
	(2121, NULL, NULL, b'0', NULL, NULL, 'Black', 100, 'L', 24),
	(2122, NULL, NULL, b'0', NULL, NULL, 'Black', 100, 'XL', 24),
	(2123, NULL, NULL, b'0', NULL, NULL, 'Black', 100, 'XXL', 24),
	(2124, NULL, NULL, b'0', NULL, NULL, 'Red', 100, 'S', 25),
	(2125, NULL, NULL, b'0', NULL, NULL, 'Red', 100, 'M', 25),
	(2126, NULL, NULL, b'0', NULL, NULL, 'Red', 100, 'L', 25),
	(2127, NULL, NULL, b'0', NULL, NULL, 'Red', 100, 'XL', 25),
	(2128, NULL, NULL, b'0', NULL, NULL, 'Red', 100, 'XXL', 25),
	(2129, NULL, NULL, b'0', NULL, NULL, 'Blue', 100, 'S', 25),
	(2130, NULL, NULL, b'0', NULL, NULL, 'Blue', 100, 'M', 25),
	(2131, NULL, NULL, b'0', NULL, NULL, 'Blue', 100, 'L', 25),
	(2132, NULL, NULL, b'0', NULL, NULL, 'Blue', 100, 'XL', 25),
	(2133, NULL, NULL, b'0', NULL, NULL, 'Blue', 100, 'XXL', 25),
	(2134, NULL, NULL, b'0', NULL, NULL, 'Green', 100, 'S', 25),
	(2135, NULL, NULL, b'0', NULL, NULL, 'Green', 100, 'M', 25),
	(2136, NULL, NULL, b'0', NULL, NULL, 'Green', 100, 'L', 25),
	(2137, NULL, NULL, b'0', NULL, NULL, 'Green', 100, 'XL', 25),
	(2138, NULL, NULL, b'0', NULL, NULL, 'Green', 100, 'XXL', 25),
	(2139, NULL, NULL, b'0', NULL, NULL, 'Yellow', 100, 'S', 25),
	(2140, NULL, NULL, b'0', NULL, NULL, 'Yellow', 100, 'M', 25),
	(2141, NULL, NULL, b'0', NULL, NULL, 'Yellow', 100, 'L', 25),
	(2142, NULL, NULL, b'0', NULL, NULL, 'Yellow', 100, 'XL', 25),
	(2143, NULL, NULL, b'0', NULL, NULL, 'Yellow', 100, 'XXL', 25),
	(2144, NULL, NULL, b'0', NULL, NULL, 'Black', 100, 'S', 25),
	(2145, NULL, NULL, b'0', NULL, NULL, 'Black', 100, 'M', 25),
	(2146, NULL, NULL, b'0', NULL, NULL, 'Black', 100, 'L', 25),
	(2147, NULL, NULL, b'0', NULL, NULL, 'Black', 100, 'XL', 25),
	(2148, NULL, NULL, b'0', NULL, NULL, 'Black', 100, 'XXL', 25),
	(2149, NULL, NULL, b'0', NULL, NULL, 'Red', 100, 'S', 27),
	(2150, NULL, NULL, b'0', NULL, NULL, 'Red', 100, 'M', 27),
	(2151, NULL, NULL, b'0', NULL, NULL, 'Red', 100, 'L', 27),
	(2152, NULL, NULL, b'0', NULL, NULL, 'Red', 100, 'XL', 27),
	(2153, NULL, NULL, b'0', NULL, NULL, 'Red', 100, 'XXL', 27),
	(2154, NULL, NULL, b'0', NULL, NULL, 'Blue', 100, 'S', 27),
	(2155, NULL, NULL, b'0', NULL, NULL, 'Blue', 100, 'M', 27),
	(2156, NULL, NULL, b'0', NULL, NULL, 'Blue', 100, 'L', 27),
	(2157, NULL, NULL, b'0', NULL, NULL, 'Blue', 100, 'XL', 27),
	(2158, NULL, NULL, b'0', NULL, NULL, 'Blue', 100, 'XXL', 27),
	(2159, NULL, NULL, b'0', NULL, NULL, 'Green', 100, 'S', 27),
	(2160, NULL, NULL, b'0', NULL, NULL, 'Green', 100, 'M', 27),
	(2161, NULL, NULL, b'0', NULL, NULL, 'Green', 100, 'L', 27),
	(2162, NULL, NULL, b'0', NULL, NULL, 'Green', 100, 'XL', 27),
	(2163, NULL, NULL, b'0', NULL, NULL, 'Green', 100, 'XXL', 27),
	(2164, NULL, NULL, b'0', NULL, NULL, 'Yellow', 100, 'S', 27),
	(2165, NULL, NULL, b'0', NULL, NULL, 'Yellow', 100, 'M', 27),
	(2166, NULL, NULL, b'0', NULL, NULL, 'Yellow', 100, 'L', 27),
	(2167, NULL, NULL, b'0', NULL, NULL, 'Yellow', 100, 'XL', 27),
	(2168, NULL, NULL, b'0', NULL, NULL, 'Yellow', 100, 'XXL', 27),
	(2169, NULL, NULL, b'0', NULL, NULL, 'Black', 100, 'S', 27),
	(2170, NULL, NULL, b'0', NULL, NULL, 'Black', 100, 'M', 27),
	(2171, NULL, NULL, b'0', NULL, NULL, 'Black', 100, 'L', 27),
	(2172, NULL, NULL, b'0', NULL, NULL, 'Black', 100, 'XL', 27),
	(2173, NULL, NULL, b'0', NULL, NULL, 'Black', 100, 'XXL', 27),
	(2174, NULL, NULL, b'0', NULL, NULL, 'Red', 100, 'S', 28),
	(2175, NULL, NULL, b'0', NULL, NULL, 'Red', 100, 'M', 28),
	(2176, NULL, NULL, b'0', NULL, NULL, 'Red', 100, 'L', 28),
	(2177, NULL, NULL, b'0', NULL, NULL, 'Red', 100, 'XL', 28),
	(2178, NULL, NULL, b'0', NULL, NULL, 'Red', 100, 'XXL', 28),
	(2179, NULL, NULL, b'0', NULL, NULL, 'Blue', 100, 'S', 28),
	(2180, NULL, NULL, b'0', NULL, NULL, 'Blue', 100, 'M', 28),
	(2181, NULL, NULL, b'0', NULL, NULL, 'Blue', 100, 'L', 28),
	(2182, NULL, NULL, b'0', NULL, NULL, 'Blue', 100, 'XL', 28),
	(2183, NULL, NULL, b'0', NULL, NULL, 'Blue', 100, 'XXL', 28),
	(2184, NULL, NULL, b'0', NULL, NULL, 'Green', 100, 'S', 28),
	(2185, NULL, NULL, b'0', NULL, NULL, 'Green', 100, 'M', 28),
	(2186, NULL, NULL, b'0', NULL, NULL, 'Green', 100, 'L', 28),
	(2187, NULL, NULL, b'0', NULL, NULL, 'Green', 100, 'XL', 28),
	(2188, NULL, NULL, b'0', NULL, NULL, 'Green', 100, 'XXL', 28),
	(2189, NULL, NULL, b'0', NULL, NULL, 'Yellow', 100, 'S', 28),
	(2190, NULL, NULL, b'0', NULL, NULL, 'Yellow', 100, 'M', 28),
	(2191, NULL, NULL, b'0', NULL, NULL, 'Yellow', 100, 'L', 28),
	(2192, NULL, NULL, b'0', NULL, NULL, 'Yellow', 100, 'XL', 28),
	(2193, NULL, NULL, b'0', NULL, NULL, 'Yellow', 100, 'XXL', 28),
	(2194, NULL, NULL, b'0', NULL, NULL, 'Black', 100, 'S', 28),
	(2195, NULL, NULL, b'0', NULL, NULL, 'Black', 100, 'M', 28),
	(2196, NULL, NULL, b'0', NULL, NULL, 'Black', 100, 'L', 28),
	(2197, NULL, NULL, b'0', NULL, NULL, 'Black', 100, 'XL', 28),
	(2198, NULL, NULL, b'0', NULL, NULL, 'Black', 100, 'XXL', 28),
	(2199, NULL, NULL, b'0', NULL, NULL, 'Red', 100, 'S', 29),
	(2200, NULL, NULL, b'0', NULL, NULL, 'Red', 100, 'M', 29),
	(2201, NULL, NULL, b'0', NULL, NULL, 'Red', 100, 'L', 29),
	(2202, NULL, NULL, b'0', NULL, NULL, 'Red', 100, 'XL', 29),
	(2203, NULL, NULL, b'0', NULL, NULL, 'Red', 100, 'XXL', 29),
	(2204, NULL, NULL, b'0', NULL, NULL, 'Blue', 100, 'S', 29),
	(2205, NULL, NULL, b'0', NULL, NULL, 'Blue', 100, 'M', 29),
	(2206, NULL, NULL, b'0', NULL, NULL, 'Blue', 100, 'L', 29),
	(2207, NULL, NULL, b'0', NULL, NULL, 'Blue', 100, 'XL', 29),
	(2208, NULL, NULL, b'0', NULL, NULL, 'Blue', 100, 'XXL', 29),
	(2209, NULL, NULL, b'0', NULL, NULL, 'Green', 100, 'S', 29),
	(2210, NULL, NULL, b'0', NULL, NULL, 'Green', 100, 'M', 29),
	(2211, NULL, NULL, b'0', NULL, NULL, 'Green', 100, 'L', 29),
	(2212, NULL, NULL, b'0', NULL, NULL, 'Green', 100, 'XL', 29),
	(2213, NULL, NULL, b'0', NULL, NULL, 'Green', 100, 'XXL', 29),
	(2214, NULL, NULL, b'0', NULL, NULL, 'Yellow', 100, 'S', 29),
	(2215, NULL, NULL, b'0', NULL, NULL, 'Yellow', 100, 'M', 29),
	(2216, NULL, NULL, b'0', NULL, NULL, 'Yellow', 100, 'L', 29),
	(2217, NULL, NULL, b'0', NULL, NULL, 'Yellow', 100, 'XL', 29),
	(2218, NULL, NULL, b'0', NULL, NULL, 'Yellow', 100, 'XXL', 29),
	(2219, NULL, NULL, b'0', NULL, NULL, 'Black', 100, 'S', 29),
	(2220, NULL, NULL, b'0', NULL, NULL, 'Black', 100, 'M', 29),
	(2221, NULL, NULL, b'0', NULL, NULL, 'Black', 100, 'L', 29),
	(2222, NULL, NULL, b'0', NULL, NULL, 'Black', 100, 'XL', 29),
	(2223, NULL, NULL, b'0', NULL, NULL, 'Black', 100, 'XXL', 29),
	(2224, NULL, NULL, b'0', NULL, NULL, 'Red', 100, 'S', 30),
	(2225, NULL, NULL, b'0', NULL, NULL, 'Red', 100, 'M', 30),
	(2226, NULL, NULL, b'0', NULL, NULL, 'Red', 100, 'L', 30),
	(2227, NULL, NULL, b'0', NULL, NULL, 'Red', 100, 'XL', 30),
	(2228, NULL, NULL, b'0', NULL, NULL, 'Red', 100, 'XXL', 30),
	(2229, NULL, NULL, b'0', NULL, NULL, 'Blue', 100, 'S', 30),
	(2230, NULL, NULL, b'0', NULL, NULL, 'Blue', 100, 'M', 30),
	(2231, NULL, NULL, b'0', NULL, NULL, 'Blue', 100, 'L', 30),
	(2232, NULL, NULL, b'0', NULL, NULL, 'Blue', 100, 'XL', 30),
	(2233, NULL, NULL, b'0', NULL, NULL, 'Blue', 100, 'XXL', 30),
	(2234, NULL, NULL, b'0', NULL, NULL, 'Green', 100, 'S', 30),
	(2235, NULL, NULL, b'0', NULL, NULL, 'Green', 100, 'M', 30),
	(2236, NULL, NULL, b'0', NULL, NULL, 'Green', 100, 'L', 30),
	(2237, NULL, NULL, b'0', NULL, NULL, 'Green', 100, 'XL', 30),
	(2238, NULL, NULL, b'0', NULL, NULL, 'Green', 100, 'XXL', 30),
	(2239, NULL, NULL, b'0', NULL, NULL, 'Yellow', 100, 'S', 30),
	(2240, NULL, NULL, b'0', NULL, NULL, 'Yellow', 100, 'M', 30),
	(2241, NULL, NULL, b'0', NULL, NULL, 'Yellow', 100, 'L', 30),
	(2242, NULL, NULL, b'0', NULL, NULL, 'Yellow', 100, 'XL', 30),
	(2243, NULL, NULL, b'0', NULL, NULL, 'Yellow', 100, 'XXL', 30),
	(2244, NULL, NULL, b'0', NULL, NULL, 'Black', 100, 'S', 30),
	(2245, NULL, NULL, b'0', NULL, NULL, 'Black', 100, 'M', 30),
	(2246, NULL, NULL, b'0', NULL, NULL, 'Black', 100, 'L', 30),
	(2247, NULL, NULL, b'0', NULL, NULL, 'Black', 100, 'XL', 30),
	(2248, NULL, NULL, b'0', NULL, NULL, 'Black', 100, 'XXL', 30),
	(2249, NULL, NULL, b'0', NULL, NULL, 'Red', 100, 'S', 31),
	(2250, NULL, NULL, b'0', NULL, NULL, 'Red', 100, 'M', 31),
	(2251, NULL, NULL, b'0', NULL, NULL, 'Red', 100, 'L', 31),
	(2252, NULL, NULL, b'0', NULL, NULL, 'Red', 100, 'XL', 31),
	(2253, NULL, NULL, b'0', NULL, NULL, 'Red', 100, 'XXL', 31),
	(2254, NULL, NULL, b'0', NULL, NULL, 'Blue', 100, 'S', 31),
	(2255, NULL, NULL, b'0', NULL, NULL, 'Blue', 100, 'M', 31),
	(2256, NULL, NULL, b'0', NULL, NULL, 'Blue', 100, 'L', 31),
	(2257, NULL, NULL, b'0', NULL, NULL, 'Blue', 100, 'XL', 31),
	(2258, NULL, NULL, b'0', NULL, NULL, 'Blue', 100, 'XXL', 31),
	(2259, NULL, NULL, b'0', NULL, NULL, 'Green', 100, 'S', 31),
	(2260, NULL, NULL, b'0', NULL, NULL, 'Green', 100, 'M', 31),
	(2261, NULL, NULL, b'0', NULL, NULL, 'Green', 100, 'L', 31),
	(2262, NULL, NULL, b'0', NULL, NULL, 'Green', 100, 'XL', 31),
	(2263, NULL, NULL, b'0', NULL, NULL, 'Green', 100, 'XXL', 31),
	(2264, NULL, NULL, b'0', NULL, NULL, 'Yellow', 100, 'S', 31),
	(2265, NULL, NULL, b'0', NULL, NULL, 'Yellow', 100, 'M', 31),
	(2266, NULL, NULL, b'0', NULL, NULL, 'Yellow', 100, 'L', 31),
	(2267, NULL, NULL, b'0', NULL, NULL, 'Yellow', 100, 'XL', 31),
	(2268, NULL, NULL, b'0', NULL, NULL, 'Yellow', 100, 'XXL', 31),
	(2269, NULL, NULL, b'0', NULL, NULL, 'Black', 100, 'S', 31),
	(2270, NULL, NULL, b'0', NULL, NULL, 'Black', 100, 'M', 31),
	(2271, NULL, NULL, b'0', NULL, NULL, 'Black', 100, 'L', 31),
	(2272, NULL, NULL, b'0', NULL, NULL, 'Black', 100, 'XL', 31),
	(2273, NULL, NULL, b'0', NULL, NULL, 'Black', 100, 'XXL', 31),
	(2274, NULL, NULL, b'0', NULL, NULL, 'Red', 100, 'S', 32),
	(2275, NULL, NULL, b'0', NULL, NULL, 'Red', 100, 'M', 32),
	(2276, NULL, NULL, b'0', NULL, NULL, 'Red', 100, 'L', 32),
	(2277, NULL, NULL, b'0', NULL, NULL, 'Red', 100, 'XL', 32),
	(2278, NULL, NULL, b'0', NULL, NULL, 'Red', 100, 'XXL', 32),
	(2279, NULL, NULL, b'0', NULL, NULL, 'Blue', 100, 'S', 32),
	(2280, NULL, NULL, b'0', NULL, NULL, 'Blue', 100, 'M', 32),
	(2281, NULL, NULL, b'0', NULL, NULL, 'Blue', 100, 'L', 32),
	(2282, NULL, NULL, b'0', NULL, NULL, 'Blue', 100, 'XL', 32),
	(2283, NULL, NULL, b'0', NULL, NULL, 'Blue', 100, 'XXL', 32),
	(2284, NULL, NULL, b'0', NULL, NULL, 'Green', 100, 'S', 32),
	(2285, NULL, NULL, b'0', NULL, NULL, 'Green', 100, 'M', 32),
	(2286, NULL, NULL, b'0', NULL, NULL, 'Green', 100, 'L', 32),
	(2287, NULL, NULL, b'0', NULL, NULL, 'Green', 100, 'XL', 32),
	(2288, NULL, NULL, b'0', NULL, NULL, 'Green', 100, 'XXL', 32),
	(2289, NULL, NULL, b'0', NULL, NULL, 'Yellow', 100, 'S', 32),
	(2290, NULL, NULL, b'0', NULL, NULL, 'Yellow', 100, 'M', 32),
	(2291, NULL, NULL, b'0', NULL, NULL, 'Yellow', 100, 'L', 32),
	(2292, NULL, NULL, b'0', NULL, NULL, 'Yellow', 100, 'XL', 32),
	(2293, NULL, NULL, b'0', NULL, NULL, 'Yellow', 100, 'XXL', 32),
	(2294, NULL, NULL, b'0', NULL, NULL, 'Black', 100, 'S', 32),
	(2295, NULL, NULL, b'0', NULL, NULL, 'Black', 100, 'M', 32),
	(2296, NULL, NULL, b'0', NULL, NULL, 'Black', 100, 'L', 32),
	(2297, NULL, NULL, b'0', NULL, NULL, 'Black', 100, 'XL', 32),
	(2298, NULL, NULL, b'0', NULL, NULL, 'Black', 100, 'XXL', 32),
	(2299, NULL, NULL, b'0', NULL, NULL, 'Red', 100, 'S', 33),
	(2300, NULL, NULL, b'0', NULL, NULL, 'Red', 100, 'M', 33),
	(2301, NULL, NULL, b'0', NULL, NULL, 'Red', 100, 'L', 33),
	(2302, NULL, NULL, b'0', NULL, NULL, 'Red', 100, 'XL', 33),
	(2303, NULL, NULL, b'0', NULL, NULL, 'Red', 100, 'XXL', 33),
	(2304, NULL, NULL, b'0', NULL, NULL, 'Blue', 100, 'S', 33),
	(2305, NULL, NULL, b'0', NULL, NULL, 'Blue', 100, 'M', 33),
	(2306, NULL, NULL, b'0', NULL, NULL, 'Blue', 100, 'L', 33),
	(2307, NULL, NULL, b'0', NULL, NULL, 'Blue', 100, 'XL', 33),
	(2308, NULL, NULL, b'0', NULL, NULL, 'Blue', 100, 'XXL', 33),
	(2309, NULL, NULL, b'0', NULL, NULL, 'Green', 100, 'S', 33),
	(2310, NULL, NULL, b'0', NULL, NULL, 'Green', 100, 'M', 33),
	(2311, NULL, NULL, b'0', NULL, NULL, 'Green', 100, 'L', 33),
	(2312, NULL, NULL, b'0', NULL, NULL, 'Green', 100, 'XL', 33),
	(2313, NULL, NULL, b'0', NULL, NULL, 'Green', 100, 'XXL', 33),
	(2314, NULL, NULL, b'0', NULL, NULL, 'Yellow', 100, 'S', 33),
	(2315, NULL, NULL, b'0', NULL, NULL, 'Yellow', 100, 'M', 33),
	(2316, NULL, NULL, b'0', NULL, NULL, 'Yellow', 100, 'L', 33),
	(2317, NULL, NULL, b'0', NULL, NULL, 'Yellow', 100, 'XL', 33),
	(2318, NULL, NULL, b'0', NULL, NULL, 'Yellow', 100, 'XXL', 33),
	(2319, NULL, NULL, b'0', NULL, NULL, 'Black', 100, 'S', 33),
	(2320, NULL, NULL, b'0', NULL, NULL, 'Black', 100, 'M', 33),
	(2321, NULL, NULL, b'0', NULL, NULL, 'Black', 100, 'L', 33),
	(2322, NULL, NULL, b'0', NULL, NULL, 'Black', 100, 'XL', 33),
	(2323, NULL, NULL, b'0', NULL, NULL, 'Black', 100, 'XXL', 33),
	(2324, NULL, NULL, b'0', NULL, NULL, 'Red', 100, 'S', 34),
	(2325, NULL, NULL, b'0', NULL, NULL, 'Red', 100, 'M', 34),
	(2326, NULL, NULL, b'0', NULL, NULL, 'Red', 100, 'L', 34),
	(2327, NULL, NULL, b'0', NULL, NULL, 'Red', 100, 'XL', 34),
	(2328, NULL, NULL, b'0', NULL, NULL, 'Red', 100, 'XXL', 34),
	(2329, NULL, NULL, b'0', NULL, NULL, 'Blue', 100, 'S', 34),
	(2330, NULL, NULL, b'0', NULL, NULL, 'Blue', 100, 'M', 34),
	(2331, NULL, NULL, b'0', NULL, NULL, 'Blue', 100, 'L', 34),
	(2332, NULL, NULL, b'0', NULL, NULL, 'Blue', 100, 'XL', 34),
	(2333, NULL, NULL, b'0', NULL, NULL, 'Blue', 100, 'XXL', 34),
	(2334, NULL, NULL, b'0', NULL, NULL, 'Green', 100, 'S', 34),
	(2335, NULL, NULL, b'0', NULL, NULL, 'Green', 100, 'M', 34),
	(2336, NULL, NULL, b'0', NULL, NULL, 'Green', 100, 'L', 34),
	(2337, NULL, NULL, b'0', NULL, NULL, 'Green', 100, 'XL', 34),
	(2338, NULL, NULL, b'0', NULL, NULL, 'Green', 100, 'XXL', 34),
	(2339, NULL, NULL, b'0', NULL, NULL, 'Yellow', 100, 'S', 34),
	(2340, NULL, NULL, b'0', NULL, NULL, 'Yellow', 100, 'M', 34),
	(2341, NULL, NULL, b'0', NULL, NULL, 'Yellow', 100, 'L', 34),
	(2342, NULL, NULL, b'0', NULL, NULL, 'Yellow', 100, 'XL', 34),
	(2343, NULL, NULL, b'0', NULL, NULL, 'Yellow', 100, 'XXL', 34),
	(2344, NULL, NULL, b'0', NULL, NULL, 'Black', 100, 'S', 34),
	(2345, NULL, NULL, b'0', NULL, NULL, 'Black', 100, 'M', 34),
	(2346, NULL, NULL, b'0', NULL, NULL, 'Black', 100, 'L', 34),
	(2347, NULL, NULL, b'0', NULL, NULL, 'Black', 100, 'XL', 34),
	(2348, NULL, NULL, b'0', NULL, NULL, 'Black', 100, 'XXL', 34),
	(2349, NULL, NULL, b'0', NULL, NULL, 'Red', 100, 'S', 35),
	(2350, NULL, NULL, b'0', NULL, NULL, 'Red', 100, 'M', 35),
	(2351, NULL, NULL, b'0', NULL, NULL, 'Red', 100, 'L', 35),
	(2352, NULL, NULL, b'0', NULL, NULL, 'Red', 100, 'XL', 35),
	(2353, NULL, NULL, b'0', NULL, NULL, 'Red', 100, 'XXL', 35),
	(2354, NULL, NULL, b'0', NULL, NULL, 'Blue', 100, 'S', 35),
	(2355, NULL, NULL, b'0', NULL, NULL, 'Blue', 100, 'M', 35),
	(2356, NULL, NULL, b'0', NULL, NULL, 'Blue', 100, 'L', 35),
	(2357, NULL, NULL, b'0', NULL, NULL, 'Blue', 100, 'XL', 35),
	(2358, NULL, NULL, b'0', NULL, NULL, 'Blue', 100, 'XXL', 35),
	(2359, NULL, NULL, b'0', NULL, NULL, 'Green', 100, 'S', 35),
	(2360, NULL, NULL, b'0', NULL, NULL, 'Green', 100, 'M', 35),
	(2361, NULL, NULL, b'0', NULL, NULL, 'Green', 100, 'L', 35),
	(2362, NULL, NULL, b'0', NULL, NULL, 'Green', 100, 'XL', 35),
	(2363, NULL, NULL, b'0', NULL, NULL, 'Green', 100, 'XXL', 35),
	(2364, NULL, NULL, b'0', NULL, NULL, 'Yellow', 100, 'S', 35),
	(2365, NULL, NULL, b'0', NULL, NULL, 'Yellow', 100, 'M', 35),
	(2366, NULL, NULL, b'0', NULL, NULL, 'Yellow', 100, 'L', 35),
	(2367, NULL, NULL, b'0', NULL, NULL, 'Yellow', 100, 'XL', 35),
	(2368, NULL, NULL, b'0', NULL, NULL, 'Yellow', 100, 'XXL', 35),
	(2369, NULL, NULL, b'0', NULL, NULL, 'Black', 100, 'S', 35),
	(2370, NULL, NULL, b'0', NULL, NULL, 'Black', 100, 'M', 35),
	(2371, NULL, NULL, b'0', NULL, NULL, 'Black', 100, 'L', 35),
	(2372, NULL, NULL, b'0', NULL, NULL, 'Black', 100, 'XL', 35),
	(2373, NULL, NULL, b'0', NULL, NULL, 'Black', 100, 'XXL', 35),
	(2374, NULL, NULL, b'0', NULL, NULL, 'Red', 100, 'S', 36),
	(2375, NULL, NULL, b'0', NULL, NULL, 'Red', 100, 'M', 36),
	(2376, NULL, NULL, b'0', NULL, NULL, 'Red', 100, 'L', 36),
	(2377, NULL, NULL, b'0', NULL, NULL, 'Red', 100, 'XL', 36),
	(2378, NULL, NULL, b'0', NULL, NULL, 'Red', 100, 'XXL', 36),
	(2379, NULL, NULL, b'0', NULL, NULL, 'Blue', 100, 'S', 36),
	(2380, NULL, NULL, b'0', NULL, NULL, 'Blue', 100, 'M', 36),
	(2381, NULL, NULL, b'0', NULL, NULL, 'Blue', 100, 'L', 36),
	(2382, NULL, NULL, b'0', NULL, NULL, 'Blue', 100, 'XL', 36),
	(2383, NULL, NULL, b'0', NULL, NULL, 'Blue', 100, 'XXL', 36),
	(2384, NULL, NULL, b'0', NULL, NULL, 'Green', 100, 'S', 36),
	(2385, NULL, NULL, b'0', NULL, NULL, 'Green', 100, 'M', 36),
	(2386, NULL, NULL, b'0', NULL, NULL, 'Green', 100, 'L', 36),
	(2387, NULL, NULL, b'0', NULL, NULL, 'Green', 100, 'XL', 36),
	(2388, NULL, NULL, b'0', NULL, NULL, 'Green', 100, 'XXL', 36),
	(2389, NULL, NULL, b'0', NULL, NULL, 'Yellow', 100, 'S', 36),
	(2390, NULL, NULL, b'0', NULL, NULL, 'Yellow', 100, 'M', 36),
	(2391, NULL, NULL, b'0', NULL, NULL, 'Yellow', 100, 'L', 36),
	(2392, NULL, NULL, b'0', NULL, NULL, 'Yellow', 100, 'XL', 36),
	(2393, NULL, NULL, b'0', NULL, NULL, 'Yellow', 100, 'XXL', 36),
	(2394, NULL, NULL, b'0', NULL, NULL, 'Black', 100, 'S', 36),
	(2395, NULL, NULL, b'0', NULL, NULL, 'Black', 100, 'M', 36),
	(2396, NULL, NULL, b'0', NULL, NULL, 'Black', 100, 'L', 36),
	(2397, NULL, NULL, b'0', NULL, NULL, 'Black', 100, 'XL', 36),
	(2398, NULL, NULL, b'0', NULL, NULL, 'Black', 100, 'XXL', 36),
	(2399, NULL, NULL, b'0', NULL, NULL, 'Red', 100, 'S', 37),
	(2400, NULL, NULL, b'0', NULL, NULL, 'Red', 100, 'M', 37),
	(2401, NULL, NULL, b'0', NULL, NULL, 'Red', 100, 'L', 37),
	(2402, NULL, NULL, b'0', NULL, NULL, 'Red', 100, 'XL', 37),
	(2403, NULL, NULL, b'0', NULL, NULL, 'Red', 100, 'XXL', 37),
	(2404, NULL, NULL, b'0', NULL, NULL, 'Blue', 100, 'S', 37),
	(2405, NULL, NULL, b'0', NULL, NULL, 'Blue', 100, 'M', 37),
	(2406, NULL, NULL, b'0', NULL, NULL, 'Blue', 100, 'L', 37),
	(2407, NULL, NULL, b'0', NULL, NULL, 'Blue', 100, 'XL', 37),
	(2408, NULL, NULL, b'0', NULL, NULL, 'Blue', 100, 'XXL', 37),
	(2409, NULL, NULL, b'0', NULL, NULL, 'Green', 100, 'S', 37),
	(2410, NULL, NULL, b'0', NULL, NULL, 'Green', 100, 'M', 37),
	(2411, NULL, NULL, b'0', NULL, NULL, 'Green', 100, 'L', 37),
	(2412, NULL, NULL, b'0', NULL, NULL, 'Green', 100, 'XL', 37),
	(2413, NULL, NULL, b'0', NULL, NULL, 'Green', 100, 'XXL', 37),
	(2414, NULL, NULL, b'0', NULL, NULL, 'Yellow', 100, 'S', 37),
	(2415, NULL, NULL, b'0', NULL, NULL, 'Yellow', 100, 'M', 37),
	(2416, NULL, NULL, b'0', NULL, NULL, 'Yellow', 100, 'L', 37),
	(2417, NULL, NULL, b'0', NULL, NULL, 'Yellow', 100, 'XL', 37),
	(2418, NULL, NULL, b'0', NULL, NULL, 'Yellow', 100, 'XXL', 37),
	(2419, NULL, NULL, b'0', NULL, NULL, 'Black', 100, 'S', 37),
	(2420, NULL, NULL, b'0', NULL, NULL, 'Black', 100, 'M', 37),
	(2421, NULL, NULL, b'0', NULL, NULL, 'Black', 100, 'L', 37),
	(2422, NULL, NULL, b'0', NULL, NULL, 'Black', 100, 'XL', 37),
	(2423, NULL, NULL, b'0', NULL, NULL, 'Black', 100, 'XXL', 37),
	(2424, NULL, NULL, b'0', NULL, NULL, 'Red', 100, 'S', 38),
	(2425, NULL, NULL, b'0', NULL, NULL, 'Red', 100, 'M', 38),
	(2426, NULL, NULL, b'0', NULL, NULL, 'Red', 100, 'L', 38),
	(2427, NULL, NULL, b'0', NULL, NULL, 'Red', 100, 'XL', 38),
	(2428, NULL, NULL, b'0', NULL, NULL, 'Red', 100, 'XXL', 38),
	(2429, NULL, NULL, b'0', NULL, NULL, 'Blue', 100, 'S', 38),
	(2430, NULL, NULL, b'0', NULL, NULL, 'Blue', 100, 'M', 38),
	(2431, NULL, NULL, b'0', NULL, NULL, 'Blue', 100, 'L', 38),
	(2432, NULL, NULL, b'0', NULL, NULL, 'Blue', 100, 'XL', 38),
	(2433, NULL, NULL, b'0', NULL, NULL, 'Blue', 100, 'XXL', 38),
	(2434, NULL, NULL, b'0', NULL, NULL, 'Green', 100, 'S', 38),
	(2435, NULL, NULL, b'0', NULL, NULL, 'Green', 100, 'M', 38),
	(2436, NULL, NULL, b'0', NULL, NULL, 'Green', 100, 'L', 38),
	(2437, NULL, NULL, b'0', NULL, NULL, 'Green', 100, 'XL', 38),
	(2438, NULL, NULL, b'0', NULL, NULL, 'Green', 100, 'XXL', 38),
	(2439, NULL, NULL, b'0', NULL, NULL, 'Yellow', 100, 'S', 38),
	(2440, NULL, NULL, b'0', NULL, NULL, 'Yellow', 100, 'M', 38),
	(2441, NULL, NULL, b'0', NULL, NULL, 'Yellow', 100, 'L', 38),
	(2442, NULL, NULL, b'0', NULL, NULL, 'Yellow', 100, 'XL', 38),
	(2443, NULL, NULL, b'0', NULL, NULL, 'Yellow', 100, 'XXL', 38),
	(2444, NULL, NULL, b'0', NULL, NULL, 'Black', 100, 'S', 38),
	(2445, NULL, NULL, b'0', NULL, NULL, 'Black', 100, 'M', 38),
	(2446, NULL, NULL, b'0', NULL, NULL, 'Black', 100, 'L', 38),
	(2447, NULL, NULL, b'0', NULL, NULL, 'Black', 100, 'XL', 38),
	(2448, NULL, NULL, b'0', NULL, NULL, 'Black', 100, 'XXL', 38),
	(2449, NULL, NULL, b'0', NULL, NULL, 'Red', 100, 'S', 39),
	(2450, NULL, NULL, b'0', NULL, NULL, 'Red', 100, 'M', 39),
	(2451, NULL, NULL, b'0', NULL, NULL, 'Red', 100, 'L', 39),
	(2452, NULL, NULL, b'0', NULL, NULL, 'Red', 100, 'XL', 39),
	(2453, NULL, NULL, b'0', NULL, NULL, 'Red', 100, 'XXL', 39),
	(2454, NULL, NULL, b'0', NULL, NULL, 'Blue', 100, 'S', 39),
	(2455, NULL, NULL, b'0', NULL, NULL, 'Blue', 100, 'M', 39),
	(2456, NULL, NULL, b'0', NULL, NULL, 'Blue', 100, 'L', 39),
	(2457, NULL, NULL, b'0', NULL, NULL, 'Blue', 100, 'XL', 39),
	(2458, NULL, NULL, b'0', NULL, NULL, 'Blue', 100, 'XXL', 39),
	(2459, NULL, NULL, b'0', NULL, NULL, 'Green', 100, 'S', 39),
	(2460, NULL, NULL, b'0', NULL, NULL, 'Green', 100, 'M', 39),
	(2461, NULL, NULL, b'0', NULL, NULL, 'Green', 100, 'L', 39),
	(2462, NULL, NULL, b'0', NULL, NULL, 'Green', 100, 'XL', 39),
	(2463, NULL, NULL, b'0', NULL, NULL, 'Green', 100, 'XXL', 39),
	(2464, NULL, NULL, b'0', NULL, NULL, 'Yellow', 100, 'S', 39),
	(2465, NULL, NULL, b'0', NULL, NULL, 'Yellow', 100, 'M', 39),
	(2466, NULL, NULL, b'0', NULL, NULL, 'Yellow', 100, 'L', 39),
	(2467, NULL, NULL, b'0', NULL, NULL, 'Yellow', 100, 'XL', 39),
	(2468, NULL, NULL, b'0', NULL, NULL, 'Yellow', 100, 'XXL', 39),
	(2469, NULL, NULL, b'0', NULL, NULL, 'Black', 100, 'S', 39),
	(2470, NULL, NULL, b'0', NULL, NULL, 'Black', 100, 'M', 39),
	(2471, NULL, NULL, b'0', NULL, NULL, 'Black', 100, 'L', 39),
	(2472, NULL, NULL, b'0', NULL, NULL, 'Black', 100, 'XL', 39),
	(2473, NULL, NULL, b'0', NULL, NULL, 'Black', 100, 'XXL', 39),
	(2474, NULL, NULL, b'0', NULL, NULL, 'Red', 100, 'S', 40),
	(2475, NULL, NULL, b'0', NULL, NULL, 'Red', 100, 'M', 40),
	(2476, NULL, NULL, b'0', NULL, NULL, 'Red', 100, 'L', 40),
	(2477, NULL, NULL, b'0', NULL, NULL, 'Red', 100, 'XL', 40),
	(2478, NULL, NULL, b'0', NULL, NULL, 'Red', 100, 'XXL', 40),
	(2479, NULL, NULL, b'0', NULL, NULL, 'Blue', 100, 'S', 40),
	(2480, NULL, NULL, b'0', NULL, NULL, 'Blue', 100, 'M', 40),
	(2481, NULL, NULL, b'0', NULL, NULL, 'Blue', 100, 'L', 40),
	(2482, NULL, NULL, b'0', NULL, NULL, 'Blue', 100, 'XL', 40),
	(2483, NULL, NULL, b'0', NULL, NULL, 'Blue', 100, 'XXL', 40),
	(2484, NULL, NULL, b'0', NULL, NULL, 'Green', 100, 'S', 40),
	(2485, NULL, NULL, b'0', NULL, NULL, 'Green', 100, 'M', 40),
	(2486, NULL, NULL, b'0', NULL, NULL, 'Green', 100, 'L', 40),
	(2487, NULL, NULL, b'0', NULL, NULL, 'Green', 100, 'XL', 40),
	(2488, NULL, NULL, b'0', NULL, NULL, 'Green', 100, 'XXL', 40),
	(2489, NULL, NULL, b'0', NULL, NULL, 'Yellow', 100, 'S', 40),
	(2490, NULL, NULL, b'0', NULL, NULL, 'Yellow', 100, 'M', 40),
	(2491, NULL, NULL, b'0', NULL, NULL, 'Yellow', 100, 'L', 40),
	(2492, NULL, NULL, b'0', NULL, NULL, 'Yellow', 100, 'XL', 40),
	(2493, NULL, NULL, b'0', NULL, NULL, 'Yellow', 100, 'XXL', 40),
	(2494, NULL, NULL, b'0', NULL, NULL, 'Black', 100, 'S', 40),
	(2495, NULL, NULL, b'0', NULL, NULL, 'Black', 100, 'M', 40),
	(2496, NULL, NULL, b'0', NULL, NULL, 'Black', 100, 'L', 40),
	(2497, NULL, NULL, b'0', NULL, NULL, 'Black', 100, 'XL', 40),
	(2498, NULL, NULL, b'0', NULL, NULL, 'Black', 100, 'XXL', 40),
	(2499, NULL, NULL, b'0', NULL, NULL, 'Red', 100, 'S', 41),
	(2500, NULL, NULL, b'0', NULL, NULL, 'Red', 100, 'M', 41),
	(2501, NULL, NULL, b'0', NULL, NULL, 'Red', 100, 'L', 41),
	(2502, NULL, NULL, b'0', NULL, NULL, 'Red', 100, 'XL', 41),
	(2503, NULL, NULL, b'0', NULL, NULL, 'Red', 100, 'XXL', 41),
	(2504, NULL, NULL, b'0', NULL, NULL, 'Blue', 100, 'S', 41),
	(2505, NULL, NULL, b'0', NULL, NULL, 'Blue', 100, 'M', 41),
	(2506, NULL, NULL, b'0', NULL, NULL, 'Blue', 100, 'L', 41),
	(2507, NULL, NULL, b'0', NULL, NULL, 'Blue', 100, 'XL', 41),
	(2508, NULL, NULL, b'0', NULL, NULL, 'Blue', 100, 'XXL', 41),
	(2509, NULL, NULL, b'0', NULL, NULL, 'Green', 100, 'S', 41),
	(2510, NULL, NULL, b'0', NULL, NULL, 'Green', 100, 'M', 41),
	(2511, NULL, NULL, b'0', NULL, NULL, 'Green', 100, 'L', 41),
	(2512, NULL, NULL, b'0', NULL, NULL, 'Green', 100, 'XL', 41),
	(2513, NULL, NULL, b'0', NULL, NULL, 'Green', 100, 'XXL', 41),
	(2514, NULL, NULL, b'0', NULL, NULL, 'Yellow', 100, 'S', 41),
	(2515, NULL, NULL, b'0', NULL, NULL, 'Yellow', 100, 'M', 41),
	(2516, NULL, NULL, b'0', NULL, NULL, 'Yellow', 100, 'L', 41),
	(2517, NULL, NULL, b'0', NULL, NULL, 'Yellow', 100, 'XL', 41),
	(2518, NULL, NULL, b'0', NULL, NULL, 'Yellow', 100, 'XXL', 41),
	(2519, NULL, NULL, b'0', NULL, NULL, 'Black', 100, 'S', 41),
	(2520, NULL, NULL, b'0', NULL, NULL, 'Black', 100, 'M', 41),
	(2521, NULL, NULL, b'0', NULL, NULL, 'Black', 100, 'L', 41),
	(2522, NULL, NULL, b'0', NULL, NULL, 'Black', 100, 'XL', 41),
	(2523, NULL, NULL, b'0', NULL, NULL, 'Black', 100, 'XXL', 41),
	(2524, NULL, NULL, b'0', NULL, NULL, 'Red', 100, 'S', 42),
	(2525, NULL, NULL, b'0', NULL, NULL, 'Red', 100, 'M', 42),
	(2526, NULL, NULL, b'0', NULL, NULL, 'Red', 100, 'L', 42),
	(2527, NULL, NULL, b'0', NULL, NULL, 'Red', 100, 'XL', 42),
	(2528, NULL, NULL, b'0', NULL, NULL, 'Red', 100, 'XXL', 42),
	(2529, NULL, NULL, b'0', NULL, NULL, 'Blue', 100, 'S', 42),
	(2530, NULL, NULL, b'0', NULL, NULL, 'Blue', 100, 'M', 42),
	(2531, NULL, NULL, b'0', NULL, NULL, 'Blue', 100, 'L', 42),
	(2532, NULL, NULL, b'0', NULL, NULL, 'Blue', 100, 'XL', 42),
	(2533, NULL, NULL, b'0', NULL, NULL, 'Blue', 100, 'XXL', 42),
	(2534, NULL, NULL, b'0', NULL, NULL, 'Green', 100, 'S', 42),
	(2535, NULL, NULL, b'0', NULL, NULL, 'Green', 100, 'M', 42),
	(2536, NULL, NULL, b'0', NULL, NULL, 'Green', 100, 'L', 42),
	(2537, NULL, NULL, b'0', NULL, NULL, 'Green', 100, 'XL', 42),
	(2538, NULL, NULL, b'0', NULL, NULL, 'Green', 100, 'XXL', 42),
	(2539, NULL, NULL, b'0', NULL, NULL, 'Yellow', 100, 'S', 42),
	(2540, NULL, NULL, b'0', NULL, NULL, 'Yellow', 100, 'M', 42),
	(2541, NULL, NULL, b'0', NULL, NULL, 'Yellow', 100, 'L', 42),
	(2542, NULL, NULL, b'0', NULL, NULL, 'Yellow', 100, 'XL', 42),
	(2543, NULL, NULL, b'0', NULL, NULL, 'Yellow', 100, 'XXL', 42),
	(2544, NULL, NULL, b'0', NULL, NULL, 'Black', 100, 'S', 42),
	(2545, NULL, NULL, b'0', NULL, NULL, 'Black', 100, 'M', 42),
	(2546, NULL, NULL, b'0', NULL, NULL, 'Black', 100, 'L', 42),
	(2547, NULL, NULL, b'0', NULL, NULL, 'Black', 100, 'XL', 42),
	(2548, NULL, NULL, b'0', NULL, NULL, 'Black', 100, 'XXL', 42),
	(2549, NULL, NULL, b'0', NULL, NULL, 'Red', 100, 'S', 43),
	(2550, NULL, NULL, b'0', NULL, NULL, 'Red', 100, 'M', 43),
	(2551, NULL, NULL, b'0', NULL, NULL, 'Red', 100, 'L', 43),
	(2552, NULL, NULL, b'0', NULL, NULL, 'Red', 100, 'XL', 43),
	(2553, NULL, NULL, b'0', NULL, NULL, 'Red', 100, 'XXL', 43),
	(2554, NULL, NULL, b'0', NULL, NULL, 'Blue', 100, 'S', 43),
	(2555, NULL, NULL, b'0', NULL, NULL, 'Blue', 100, 'M', 43),
	(2556, NULL, NULL, b'0', NULL, NULL, 'Blue', 100, 'L', 43),
	(2557, NULL, NULL, b'0', NULL, NULL, 'Blue', 100, 'XL', 43),
	(2558, NULL, NULL, b'0', NULL, NULL, 'Blue', 100, 'XXL', 43),
	(2559, NULL, NULL, b'0', NULL, NULL, 'Green', 100, 'S', 43),
	(2560, NULL, NULL, b'0', NULL, NULL, 'Green', 100, 'M', 43),
	(2561, NULL, NULL, b'0', NULL, NULL, 'Green', 100, 'L', 43),
	(2562, NULL, NULL, b'0', NULL, NULL, 'Green', 100, 'XL', 43),
	(2563, NULL, NULL, b'0', NULL, NULL, 'Green', 100, 'XXL', 43),
	(2564, NULL, NULL, b'0', NULL, NULL, 'Yellow', 100, 'S', 43),
	(2565, NULL, NULL, b'0', NULL, NULL, 'Yellow', 100, 'M', 43),
	(2566, NULL, NULL, b'0', NULL, NULL, 'Yellow', 100, 'L', 43),
	(2567, NULL, NULL, b'0', NULL, NULL, 'Yellow', 100, 'XL', 43),
	(2568, NULL, NULL, b'0', NULL, NULL, 'Yellow', 100, 'XXL', 43),
	(2569, NULL, NULL, b'0', NULL, NULL, 'Black', 100, 'S', 43),
	(2570, NULL, NULL, b'0', NULL, NULL, 'Black', 100, 'M', 43),
	(2571, NULL, NULL, b'0', NULL, NULL, 'Black', 100, 'L', 43),
	(2572, NULL, NULL, b'0', NULL, NULL, 'Black', 100, 'XL', 43),
	(2573, NULL, NULL, b'0', NULL, NULL, 'Black', 100, 'XXL', 43),
	(2574, NULL, NULL, b'0', NULL, NULL, 'Red', 100, 'S', 44),
	(2575, NULL, NULL, b'0', NULL, NULL, 'Red', 100, 'M', 44),
	(2576, NULL, NULL, b'0', NULL, NULL, 'Red', 100, 'L', 44),
	(2577, NULL, NULL, b'0', NULL, NULL, 'Red', 100, 'XL', 44),
	(2578, NULL, NULL, b'0', NULL, NULL, 'Red', 100, 'XXL', 44),
	(2579, NULL, NULL, b'0', NULL, NULL, 'Blue', 100, 'S', 44),
	(2580, NULL, NULL, b'0', NULL, NULL, 'Blue', 100, 'M', 44),
	(2581, NULL, NULL, b'0', NULL, NULL, 'Blue', 100, 'L', 44),
	(2582, NULL, NULL, b'0', NULL, NULL, 'Blue', 100, 'XL', 44),
	(2583, NULL, NULL, b'0', NULL, NULL, 'Blue', 100, 'XXL', 44),
	(2584, NULL, NULL, b'0', NULL, NULL, 'Green', 100, 'S', 44),
	(2585, NULL, NULL, b'0', NULL, NULL, 'Green', 100, 'M', 44),
	(2586, NULL, NULL, b'0', NULL, NULL, 'Green', 100, 'L', 44),
	(2587, NULL, NULL, b'0', NULL, NULL, 'Green', 100, 'XL', 44),
	(2588, NULL, NULL, b'0', NULL, NULL, 'Green', 100, 'XXL', 44),
	(2589, NULL, NULL, b'0', NULL, NULL, 'Yellow', 100, 'S', 44),
	(2590, NULL, NULL, b'0', NULL, NULL, 'Yellow', 100, 'M', 44),
	(2591, NULL, NULL, b'0', NULL, NULL, 'Yellow', 100, 'L', 44),
	(2592, NULL, NULL, b'0', NULL, NULL, 'Yellow', 100, 'XL', 44),
	(2593, NULL, NULL, b'0', NULL, NULL, 'Yellow', 100, 'XXL', 44),
	(2594, NULL, NULL, b'0', NULL, NULL, 'Black', 100, 'S', 44),
	(2595, NULL, NULL, b'0', NULL, NULL, 'Black', 100, 'M', 44),
	(2596, NULL, NULL, b'0', NULL, NULL, 'Black', 100, 'L', 44),
	(2597, NULL, NULL, b'0', NULL, NULL, 'Black', 100, 'XL', 44),
	(2598, NULL, NULL, b'0', NULL, NULL, 'Black', 100, 'XXL', 44),
	(2599, NULL, NULL, b'0', NULL, NULL, 'Red', 100, 'S', 45),
	(2600, NULL, NULL, b'0', NULL, NULL, 'Red', 100, 'M', 45),
	(2601, NULL, NULL, b'0', NULL, NULL, 'Red', 100, 'L', 45),
	(2602, NULL, NULL, b'0', NULL, NULL, 'Red', 100, 'XL', 45),
	(2603, NULL, NULL, b'0', NULL, NULL, 'Red', 100, 'XXL', 45),
	(2604, NULL, NULL, b'0', NULL, NULL, 'Blue', 100, 'S', 45),
	(2605, NULL, NULL, b'0', NULL, NULL, 'Blue', 100, 'M', 45),
	(2606, NULL, NULL, b'0', NULL, NULL, 'Blue', 100, 'L', 45),
	(2607, NULL, NULL, b'0', NULL, NULL, 'Blue', 100, 'XL', 45),
	(2608, NULL, NULL, b'0', NULL, NULL, 'Blue', 100, 'XXL', 45),
	(2609, NULL, NULL, b'0', NULL, NULL, 'Green', 100, 'S', 45),
	(2610, NULL, NULL, b'0', NULL, NULL, 'Green', 100, 'M', 45),
	(2611, NULL, NULL, b'0', NULL, NULL, 'Green', 100, 'L', 45),
	(2612, NULL, NULL, b'0', NULL, NULL, 'Green', 100, 'XL', 45),
	(2613, NULL, NULL, b'0', NULL, NULL, 'Green', 100, 'XXL', 45),
	(2614, NULL, NULL, b'0', NULL, NULL, 'Yellow', 100, 'S', 45),
	(2615, NULL, NULL, b'0', NULL, NULL, 'Yellow', 100, 'M', 45),
	(2616, NULL, NULL, b'0', NULL, NULL, 'Yellow', 100, 'L', 45),
	(2617, NULL, NULL, b'0', NULL, NULL, 'Yellow', 100, 'XL', 45),
	(2618, NULL, NULL, b'0', NULL, NULL, 'Yellow', 100, 'XXL', 45),
	(2619, NULL, NULL, b'0', NULL, NULL, 'Black', 100, 'S', 45),
	(2620, NULL, NULL, b'0', NULL, NULL, 'Black', 100, 'M', 45),
	(2621, NULL, NULL, b'0', NULL, NULL, 'Black', 100, 'L', 45),
	(2622, NULL, NULL, b'0', NULL, NULL, 'Black', 100, 'XL', 45),
	(2623, NULL, NULL, b'0', NULL, NULL, 'Black', 100, 'XXL', 45),
	(2624, NULL, NULL, b'0', NULL, NULL, 'Red', 100, 'S', 46),
	(2625, NULL, NULL, b'0', NULL, NULL, 'Red', 100, 'M', 46),
	(2626, NULL, NULL, b'0', NULL, NULL, 'Red', 100, 'L', 46),
	(2627, NULL, NULL, b'0', NULL, NULL, 'Red', 100, 'XL', 46),
	(2628, NULL, NULL, b'0', NULL, NULL, 'Red', 100, 'XXL', 46),
	(2629, NULL, NULL, b'0', NULL, NULL, 'Blue', 100, 'S', 46),
	(2630, NULL, NULL, b'0', NULL, NULL, 'Blue', 100, 'M', 46),
	(2631, NULL, NULL, b'0', NULL, NULL, 'Blue', 100, 'L', 46),
	(2632, NULL, NULL, b'0', NULL, NULL, 'Blue', 100, 'XL', 46),
	(2633, NULL, NULL, b'0', NULL, NULL, 'Blue', 100, 'XXL', 46),
	(2634, NULL, NULL, b'0', NULL, NULL, 'Green', 100, 'S', 46),
	(2635, NULL, NULL, b'0', NULL, NULL, 'Green', 100, 'M', 46),
	(2636, NULL, NULL, b'0', NULL, NULL, 'Green', 100, 'L', 46),
	(2637, NULL, NULL, b'0', NULL, NULL, 'Green', 100, 'XL', 46),
	(2638, NULL, NULL, b'0', NULL, NULL, 'Green', 100, 'XXL', 46),
	(2639, NULL, NULL, b'0', NULL, NULL, 'Yellow', 100, 'S', 46),
	(2640, NULL, NULL, b'0', NULL, NULL, 'Yellow', 100, 'M', 46),
	(2641, NULL, NULL, b'0', NULL, NULL, 'Yellow', 100, 'L', 46),
	(2642, NULL, NULL, b'0', NULL, NULL, 'Yellow', 100, 'XL', 46),
	(2643, NULL, NULL, b'0', NULL, NULL, 'Yellow', 100, 'XXL', 46),
	(2644, NULL, NULL, b'0', NULL, NULL, 'Black', 100, 'S', 46),
	(2645, NULL, NULL, b'0', NULL, NULL, 'Black', 100, 'M', 46),
	(2646, NULL, NULL, b'0', NULL, NULL, 'Black', 100, 'L', 46),
	(2647, NULL, NULL, b'0', NULL, NULL, 'Black', 100, 'XL', 46),
	(2648, NULL, NULL, b'0', NULL, NULL, 'Black', 100, 'XXL', 46),
	(2649, NULL, NULL, b'0', NULL, NULL, 'Red', 100, 'S', 47),
	(2650, NULL, NULL, b'0', NULL, NULL, 'Red', 100, 'M', 47),
	(2651, NULL, NULL, b'0', NULL, NULL, 'Red', 100, 'L', 47),
	(2652, NULL, NULL, b'0', NULL, NULL, 'Red', 100, 'XL', 47),
	(2653, NULL, NULL, b'0', NULL, NULL, 'Red', 100, 'XXL', 47),
	(2654, NULL, NULL, b'0', NULL, NULL, 'Blue', 100, 'S', 47),
	(2655, NULL, NULL, b'0', NULL, NULL, 'Blue', 100, 'M', 47),
	(2656, NULL, NULL, b'0', NULL, NULL, 'Blue', 100, 'L', 47),
	(2657, NULL, NULL, b'0', NULL, NULL, 'Blue', 100, 'XL', 47),
	(2658, NULL, NULL, b'0', NULL, NULL, 'Blue', 100, 'XXL', 47),
	(2659, NULL, NULL, b'0', NULL, NULL, 'Green', 100, 'S', 47),
	(2660, NULL, NULL, b'0', NULL, NULL, 'Green', 100, 'M', 47),
	(2661, NULL, NULL, b'0', NULL, NULL, 'Green', 100, 'L', 47),
	(2662, NULL, NULL, b'0', NULL, NULL, 'Green', 100, 'XL', 47),
	(2663, NULL, NULL, b'0', NULL, NULL, 'Green', 100, 'XXL', 47),
	(2664, NULL, NULL, b'0', NULL, NULL, 'Yellow', 100, 'S', 47),
	(2665, NULL, NULL, b'0', NULL, NULL, 'Yellow', 100, 'M', 47),
	(2666, NULL, NULL, b'0', NULL, NULL, 'Yellow', 100, 'L', 47),
	(2667, NULL, NULL, b'0', NULL, NULL, 'Yellow', 100, 'XL', 47),
	(2668, NULL, NULL, b'0', NULL, NULL, 'Yellow', 100, 'XXL', 47),
	(2669, NULL, NULL, b'0', NULL, NULL, 'Black', 100, 'S', 47),
	(2670, NULL, NULL, b'0', NULL, NULL, 'Black', 100, 'M', 47),
	(2671, NULL, NULL, b'0', NULL, NULL, 'Black', 100, 'L', 47),
	(2672, NULL, NULL, b'0', NULL, NULL, 'Black', 100, 'XL', 47),
	(2673, NULL, NULL, b'0', NULL, NULL, 'Black', 100, 'XXL', 47),
	(2674, NULL, NULL, b'0', NULL, NULL, 'Red', 100, 'S', 48),
	(2675, NULL, NULL, b'0', NULL, NULL, 'Red', 100, 'M', 48),
	(2676, NULL, NULL, b'0', NULL, NULL, 'Red', 100, 'L', 48),
	(2677, NULL, NULL, b'0', NULL, NULL, 'Red', 100, 'XL', 48),
	(2678, NULL, NULL, b'0', NULL, NULL, 'Red', 100, 'XXL', 48),
	(2679, NULL, NULL, b'0', NULL, NULL, 'Blue', 100, 'S', 48),
	(2680, NULL, NULL, b'0', NULL, NULL, 'Blue', 100, 'M', 48),
	(2681, NULL, NULL, b'0', NULL, NULL, 'Blue', 100, 'L', 48),
	(2682, NULL, NULL, b'0', NULL, NULL, 'Blue', 100, 'XL', 48),
	(2683, NULL, NULL, b'0', NULL, NULL, 'Blue', 100, 'XXL', 48),
	(2684, NULL, NULL, b'0', NULL, NULL, 'Green', 100, 'S', 48),
	(2685, NULL, NULL, b'0', NULL, NULL, 'Green', 100, 'M', 48),
	(2686, NULL, NULL, b'0', NULL, NULL, 'Green', 100, 'L', 48),
	(2687, NULL, NULL, b'0', NULL, NULL, 'Green', 100, 'XL', 48),
	(2688, NULL, NULL, b'0', NULL, NULL, 'Green', 100, 'XXL', 48),
	(2689, NULL, NULL, b'0', NULL, NULL, 'Yellow', 100, 'S', 48),
	(2690, NULL, NULL, b'0', NULL, NULL, 'Yellow', 100, 'M', 48),
	(2691, NULL, NULL, b'0', NULL, NULL, 'Yellow', 100, 'L', 48),
	(2692, NULL, NULL, b'0', NULL, NULL, 'Yellow', 100, 'XL', 48),
	(2693, NULL, NULL, b'0', NULL, NULL, 'Yellow', 100, 'XXL', 48),
	(2694, NULL, NULL, b'0', NULL, NULL, 'Black', 100, 'S', 48),
	(2695, NULL, NULL, b'0', NULL, NULL, 'Black', 100, 'M', 48),
	(2696, NULL, NULL, b'0', NULL, NULL, 'Black', 100, 'L', 48),
	(2697, NULL, NULL, b'0', NULL, NULL, 'Black', 100, 'XL', 48),
	(2698, NULL, NULL, b'0', NULL, NULL, 'Black', 100, 'XXL', 48),
	(2699, NULL, NULL, b'0', NULL, NULL, 'Red', 100, 'S', 49),
	(2700, NULL, NULL, b'0', NULL, NULL, 'Red', 100, 'M', 49),
	(2701, NULL, NULL, b'0', NULL, NULL, 'Red', 100, 'L', 49),
	(2702, NULL, NULL, b'0', NULL, NULL, 'Red', 100, 'XL', 49),
	(2703, NULL, NULL, b'0', NULL, NULL, 'Red', 100, 'XXL', 49),
	(2704, NULL, NULL, b'0', NULL, NULL, 'Blue', 100, 'S', 49),
	(2705, NULL, NULL, b'0', NULL, NULL, 'Blue', 100, 'M', 49),
	(2706, NULL, NULL, b'0', NULL, NULL, 'Blue', 100, 'L', 49),
	(2707, NULL, NULL, b'0', NULL, NULL, 'Blue', 100, 'XL', 49),
	(2708, NULL, NULL, b'0', NULL, NULL, 'Blue', 100, 'XXL', 49),
	(2709, NULL, NULL, b'0', NULL, NULL, 'Green', 100, 'S', 49),
	(2710, NULL, NULL, b'0', NULL, NULL, 'Green', 100, 'M', 49),
	(2711, NULL, NULL, b'0', NULL, NULL, 'Green', 100, 'L', 49),
	(2712, NULL, NULL, b'0', NULL, NULL, 'Green', 100, 'XL', 49),
	(2713, NULL, NULL, b'0', NULL, NULL, 'Green', 100, 'XXL', 49),
	(2714, NULL, NULL, b'0', NULL, NULL, 'Yellow', 100, 'S', 49),
	(2715, NULL, NULL, b'0', NULL, NULL, 'Yellow', 100, 'M', 49),
	(2716, NULL, NULL, b'0', NULL, NULL, 'Yellow', 100, 'L', 49),
	(2717, NULL, NULL, b'0', NULL, NULL, 'Yellow', 100, 'XL', 49),
	(2718, NULL, NULL, b'0', NULL, NULL, 'Yellow', 100, 'XXL', 49),
	(2719, NULL, NULL, b'0', NULL, NULL, 'Black', 100, 'S', 49),
	(2720, NULL, NULL, b'0', NULL, NULL, 'Black', 100, 'M', 49),
	(2721, NULL, NULL, b'0', NULL, NULL, 'Black', 100, 'L', 49),
	(2722, NULL, NULL, b'0', NULL, NULL, 'Black', 100, 'XL', 49),
	(2723, NULL, NULL, b'0', NULL, NULL, 'Black', 100, 'XXL', 49),
	(2724, NULL, NULL, b'0', NULL, NULL, 'Red', 100, 'S', 50),
	(2725, NULL, NULL, b'0', NULL, NULL, 'Red', 100, 'M', 50),
	(2726, NULL, NULL, b'0', NULL, NULL, 'Red', 100, 'L', 50),
	(2727, NULL, NULL, b'0', NULL, NULL, 'Red', 100, 'XL', 50),
	(2728, NULL, NULL, b'0', NULL, NULL, 'Red', 100, 'XXL', 50),
	(2729, NULL, NULL, b'0', NULL, NULL, 'Blue', 100, 'S', 50),
	(2730, NULL, NULL, b'0', NULL, NULL, 'Blue', 100, 'M', 50),
	(2731, NULL, NULL, b'0', NULL, NULL, 'Blue', 100, 'L', 50),
	(2732, NULL, NULL, b'0', NULL, NULL, 'Blue', 100, 'XL', 50),
	(2733, NULL, NULL, b'0', NULL, NULL, 'Blue', 100, 'XXL', 50),
	(2734, NULL, NULL, b'0', NULL, NULL, 'Green', 100, 'S', 50),
	(2735, NULL, NULL, b'0', NULL, NULL, 'Green', 100, 'M', 50),
	(2736, NULL, NULL, b'0', NULL, NULL, 'Green', 100, 'L', 50),
	(2737, NULL, NULL, b'0', NULL, NULL, 'Green', 100, 'XL', 50),
	(2738, NULL, NULL, b'0', NULL, NULL, 'Green', 100, 'XXL', 50),
	(2739, NULL, NULL, b'0', NULL, NULL, 'Yellow', 100, 'S', 50),
	(2740, NULL, NULL, b'0', NULL, NULL, 'Yellow', 100, 'M', 50),
	(2741, NULL, NULL, b'0', NULL, NULL, 'Yellow', 100, 'L', 50),
	(2742, NULL, NULL, b'0', NULL, NULL, 'Yellow', 100, 'XL', 50),
	(2743, NULL, NULL, b'0', NULL, NULL, 'Yellow', 100, 'XXL', 50),
	(2744, NULL, NULL, b'0', NULL, NULL, 'Black', 100, 'S', 50),
	(2745, NULL, NULL, b'0', NULL, NULL, 'Black', 100, 'M', 50),
	(2746, NULL, NULL, b'0', NULL, NULL, 'Black', 100, 'L', 50),
	(2747, NULL, NULL, b'0', NULL, NULL, 'Black', 100, 'XL', 50),
	(2748, NULL, NULL, b'0', NULL, NULL, 'Black', 100, 'XXL', 50),
	(2749, NULL, NULL, b'0', NULL, NULL, 'Red', 100, 'S', 53),
	(2750, NULL, NULL, b'0', NULL, NULL, 'Red', 100, 'M', 53),
	(2751, NULL, NULL, b'0', NULL, NULL, 'Red', 100, 'L', 53),
	(2752, NULL, NULL, b'0', NULL, NULL, 'Red', 100, 'XL', 53),
	(2753, NULL, NULL, b'0', NULL, NULL, 'Red', 100, 'XXL', 53),
	(2754, NULL, NULL, b'0', NULL, NULL, 'Blue', 100, 'S', 53),
	(2755, NULL, NULL, b'0', NULL, NULL, 'Blue', 100, 'M', 53),
	(2756, NULL, NULL, b'0', NULL, NULL, 'Blue', 100, 'L', 53),
	(2757, NULL, NULL, b'0', NULL, NULL, 'Blue', 100, 'XL', 53),
	(2758, NULL, NULL, b'0', NULL, NULL, 'Blue', 100, 'XXL', 53),
	(2759, NULL, NULL, b'0', NULL, NULL, 'Green', 100, 'S', 53),
	(2760, NULL, NULL, b'0', NULL, NULL, 'Green', 100, 'M', 53),
	(2761, NULL, NULL, b'0', NULL, NULL, 'Green', 100, 'L', 53),
	(2762, NULL, NULL, b'0', NULL, NULL, 'Green', 100, 'XL', 53),
	(2763, NULL, NULL, b'0', NULL, NULL, 'Green', 100, 'XXL', 53),
	(2764, NULL, NULL, b'0', NULL, NULL, 'Yellow', 100, 'S', 53),
	(2765, NULL, NULL, b'0', NULL, NULL, 'Yellow', 100, 'M', 53),
	(2766, NULL, NULL, b'0', NULL, NULL, 'Yellow', 100, 'L', 53),
	(2767, NULL, NULL, b'0', NULL, NULL, 'Yellow', 100, 'XL', 53),
	(2768, NULL, NULL, b'0', NULL, NULL, 'Yellow', 100, 'XXL', 53),
	(2769, NULL, NULL, b'0', NULL, NULL, 'Black', 100, 'S', 53),
	(2770, NULL, NULL, b'0', NULL, NULL, 'Black', 100, 'M', 53),
	(2771, NULL, NULL, b'0', NULL, NULL, 'Black', 100, 'L', 53),
	(2772, NULL, NULL, b'0', NULL, NULL, 'Black', 100, 'XL', 53),
	(2773, NULL, NULL, b'0', NULL, NULL, 'Black', 100, 'XXL', 53),
	(2774, NULL, NULL, b'0', NULL, NULL, 'Red', 100, 'S', 54),
	(2775, NULL, NULL, b'0', NULL, NULL, 'Red', 100, 'M', 54),
	(2776, NULL, NULL, b'0', NULL, NULL, 'Red', 100, 'L', 54),
	(2777, NULL, NULL, b'0', NULL, NULL, 'Red', 100, 'XL', 54),
	(2778, NULL, NULL, b'0', NULL, NULL, 'Red', 100, 'XXL', 54),
	(2779, NULL, NULL, b'0', NULL, NULL, 'Blue', 100, 'S', 54),
	(2780, NULL, NULL, b'0', NULL, NULL, 'Blue', 100, 'M', 54),
	(2781, NULL, NULL, b'0', NULL, NULL, 'Blue', 100, 'L', 54),
	(2782, NULL, NULL, b'0', NULL, NULL, 'Blue', 100, 'XL', 54),
	(2783, NULL, NULL, b'0', NULL, NULL, 'Blue', 100, 'XXL', 54),
	(2784, NULL, NULL, b'0', NULL, NULL, 'Green', 100, 'S', 54),
	(2785, NULL, NULL, b'0', NULL, NULL, 'Green', 100, 'M', 54),
	(2786, NULL, NULL, b'0', NULL, NULL, 'Green', 100, 'L', 54),
	(2787, NULL, NULL, b'0', NULL, NULL, 'Green', 100, 'XL', 54),
	(2788, NULL, NULL, b'0', NULL, NULL, 'Green', 100, 'XXL', 54),
	(2789, NULL, NULL, b'0', NULL, NULL, 'Yellow', 100, 'S', 54),
	(2790, NULL, NULL, b'0', NULL, NULL, 'Yellow', 100, 'M', 54),
	(2791, NULL, NULL, b'0', NULL, NULL, 'Yellow', 100, 'L', 54),
	(2792, NULL, NULL, b'0', NULL, NULL, 'Yellow', 100, 'XL', 54),
	(2793, NULL, NULL, b'0', NULL, NULL, 'Yellow', 100, 'XXL', 54),
	(2794, NULL, NULL, b'0', NULL, NULL, 'Black', 100, 'S', 54),
	(2795, NULL, NULL, b'0', NULL, NULL, 'Black', 100, 'M', 54),
	(2796, NULL, NULL, b'0', NULL, NULL, 'Black', 100, 'L', 54),
	(2797, NULL, NULL, b'0', NULL, NULL, 'Black', 100, 'XL', 54),
	(2798, NULL, NULL, b'0', NULL, NULL, 'Black', 100, 'XXL', 54),
	(2799, NULL, NULL, b'0', NULL, NULL, 'Red', 100, 'S', 55),
	(2800, NULL, NULL, b'0', NULL, NULL, 'Red', 100, 'M', 55),
	(2801, NULL, NULL, b'0', NULL, NULL, 'Red', 100, 'L', 55),
	(2802, NULL, NULL, b'0', NULL, NULL, 'Red', 100, 'XL', 55),
	(2803, NULL, NULL, b'0', NULL, NULL, 'Red', 100, 'XXL', 55),
	(2804, NULL, NULL, b'0', NULL, NULL, 'Blue', 100, 'S', 55),
	(2805, NULL, NULL, b'0', NULL, NULL, 'Blue', 100, 'M', 55),
	(2806, NULL, NULL, b'0', NULL, NULL, 'Blue', 100, 'L', 55),
	(2807, NULL, NULL, b'0', NULL, NULL, 'Blue', 100, 'XL', 55),
	(2808, NULL, NULL, b'0', NULL, NULL, 'Blue', 100, 'XXL', 55),
	(2809, NULL, NULL, b'0', NULL, NULL, 'Green', 100, 'S', 55),
	(2810, NULL, NULL, b'0', NULL, NULL, 'Green', 100, 'M', 55),
	(2811, NULL, NULL, b'0', NULL, NULL, 'Green', 100, 'L', 55),
	(2812, NULL, NULL, b'0', NULL, NULL, 'Green', 100, 'XL', 55),
	(2813, NULL, NULL, b'0', NULL, NULL, 'Green', 100, 'XXL', 55),
	(2814, NULL, NULL, b'0', NULL, NULL, 'Yellow', 100, 'S', 55),
	(2815, NULL, NULL, b'0', NULL, NULL, 'Yellow', 100, 'M', 55),
	(2816, NULL, NULL, b'0', NULL, NULL, 'Yellow', 100, 'L', 55),
	(2817, NULL, NULL, b'0', NULL, NULL, 'Yellow', 100, 'XL', 55),
	(2818, NULL, NULL, b'0', NULL, NULL, 'Yellow', 100, 'XXL', 55),
	(2819, NULL, NULL, b'0', NULL, NULL, 'Black', 100, 'S', 55),
	(2820, NULL, NULL, b'0', NULL, NULL, 'Black', 100, 'M', 55),
	(2821, NULL, NULL, b'0', NULL, NULL, 'Black', 100, 'L', 55),
	(2822, NULL, NULL, b'0', NULL, NULL, 'Black', 100, 'XL', 55),
	(2823, NULL, NULL, b'0', NULL, NULL, 'Black', 100, 'XXL', 55),
	(2824, NULL, NULL, b'0', NULL, NULL, 'Red', 100, 'S', 56),
	(2825, NULL, NULL, b'0', NULL, NULL, 'Red', 100, 'M', 56),
	(2826, NULL, NULL, b'0', NULL, NULL, 'Red', 100, 'L', 56),
	(2827, NULL, NULL, b'0', NULL, NULL, 'Red', 100, 'XL', 56),
	(2828, NULL, NULL, b'0', NULL, NULL, 'Red', 100, 'XXL', 56),
	(2829, NULL, NULL, b'0', NULL, NULL, 'Blue', 100, 'S', 56),
	(2830, NULL, NULL, b'0', NULL, NULL, 'Blue', 100, 'M', 56),
	(2831, NULL, NULL, b'0', NULL, NULL, 'Blue', 100, 'L', 56),
	(2832, NULL, NULL, b'0', NULL, NULL, 'Blue', 100, 'XL', 56),
	(2833, NULL, NULL, b'0', NULL, NULL, 'Blue', 100, 'XXL', 56),
	(2834, NULL, NULL, b'0', NULL, NULL, 'Green', 100, 'S', 56),
	(2835, NULL, NULL, b'0', NULL, NULL, 'Green', 100, 'M', 56),
	(2836, NULL, NULL, b'0', NULL, NULL, 'Green', 100, 'L', 56),
	(2837, NULL, NULL, b'0', NULL, NULL, 'Green', 100, 'XL', 56),
	(2838, NULL, NULL, b'0', NULL, NULL, 'Green', 100, 'XXL', 56),
	(2839, NULL, NULL, b'0', NULL, NULL, 'Yellow', 100, 'S', 56),
	(2840, NULL, NULL, b'0', NULL, NULL, 'Yellow', 100, 'M', 56),
	(2841, NULL, NULL, b'0', NULL, NULL, 'Yellow', 100, 'L', 56),
	(2842, NULL, NULL, b'0', NULL, NULL, 'Yellow', 100, 'XL', 56),
	(2843, NULL, NULL, b'0', NULL, NULL, 'Yellow', 100, 'XXL', 56),
	(2844, NULL, NULL, b'0', NULL, NULL, 'Black', 100, 'S', 56),
	(2845, NULL, NULL, b'0', NULL, NULL, 'Black', 100, 'M', 56),
	(2846, NULL, NULL, b'0', NULL, NULL, 'Black', 100, 'L', 56),
	(2847, NULL, NULL, b'0', NULL, NULL, 'Black', 100, 'XL', 56),
	(2848, NULL, NULL, b'0', NULL, NULL, 'Black', 100, 'XXL', 56),
	(2849, NULL, NULL, b'0', NULL, NULL, 'Red', 100, 'S', 57),
	(2850, NULL, NULL, b'0', NULL, NULL, 'Red', 100, 'M', 57),
	(2851, NULL, NULL, b'0', NULL, NULL, 'Red', 100, 'L', 57),
	(2852, NULL, NULL, b'0', NULL, NULL, 'Red', 100, 'XL', 57),
	(2853, NULL, NULL, b'0', NULL, NULL, 'Red', 100, 'XXL', 57),
	(2854, NULL, NULL, b'0', NULL, NULL, 'Blue', 100, 'S', 57),
	(2855, NULL, NULL, b'0', NULL, NULL, 'Blue', 100, 'M', 57),
	(2856, NULL, NULL, b'0', NULL, NULL, 'Blue', 100, 'L', 57),
	(2857, NULL, NULL, b'0', NULL, NULL, 'Blue', 100, 'XL', 57),
	(2858, NULL, NULL, b'0', NULL, NULL, 'Blue', 100, 'XXL', 57),
	(2859, NULL, NULL, b'0', NULL, NULL, 'Green', 100, 'S', 57),
	(2860, NULL, NULL, b'0', NULL, NULL, 'Green', 100, 'M', 57),
	(2861, NULL, NULL, b'0', NULL, NULL, 'Green', 100, 'L', 57),
	(2862, NULL, NULL, b'0', NULL, NULL, 'Green', 100, 'XL', 57),
	(2863, NULL, NULL, b'0', NULL, NULL, 'Green', 100, 'XXL', 57),
	(2864, NULL, NULL, b'0', NULL, NULL, 'Yellow', 100, 'S', 57),
	(2865, NULL, NULL, b'0', NULL, NULL, 'Yellow', 100, 'M', 57),
	(2866, NULL, NULL, b'0', NULL, NULL, 'Yellow', 100, 'L', 57),
	(2867, NULL, NULL, b'0', NULL, NULL, 'Yellow', 100, 'XL', 57),
	(2868, NULL, NULL, b'0', NULL, NULL, 'Yellow', 100, 'XXL', 57),
	(2869, NULL, NULL, b'0', NULL, NULL, 'Black', 100, 'S', 57),
	(2870, NULL, NULL, b'0', NULL, NULL, 'Black', 100, 'M', 57),
	(2871, NULL, NULL, b'0', NULL, NULL, 'Black', 100, 'L', 57),
	(2872, NULL, NULL, b'0', NULL, NULL, 'Black', 100, 'XL', 57),
	(2873, NULL, NULL, b'0', NULL, NULL, 'Black', 100, 'XXL', 57),
	(2874, NULL, NULL, b'0', NULL, NULL, 'Red', 100, 'S', 58),
	(2875, NULL, NULL, b'0', NULL, NULL, 'Red', 100, 'M', 58),
	(2876, NULL, NULL, b'0', NULL, NULL, 'Red', 100, 'L', 58),
	(2877, NULL, NULL, b'0', NULL, NULL, 'Red', 100, 'XL', 58),
	(2878, NULL, NULL, b'0', NULL, NULL, 'Red', 100, 'XXL', 58),
	(2879, NULL, NULL, b'0', NULL, NULL, 'Blue', 100, 'S', 58),
	(2880, NULL, NULL, b'0', NULL, NULL, 'Blue', 100, 'M', 58),
	(2881, NULL, NULL, b'0', NULL, NULL, 'Blue', 100, 'L', 58),
	(2882, NULL, NULL, b'0', NULL, NULL, 'Blue', 100, 'XL', 58),
	(2883, NULL, NULL, b'0', NULL, NULL, 'Blue', 100, 'XXL', 58),
	(2884, NULL, NULL, b'0', NULL, NULL, 'Green', 100, 'S', 58),
	(2885, NULL, NULL, b'0', NULL, NULL, 'Green', 100, 'M', 58),
	(2886, NULL, NULL, b'0', NULL, NULL, 'Green', 100, 'L', 58),
	(2887, NULL, NULL, b'0', NULL, NULL, 'Green', 100, 'XL', 58),
	(2888, NULL, NULL, b'0', NULL, NULL, 'Green', 100, 'XXL', 58),
	(2889, NULL, NULL, b'0', NULL, NULL, 'Yellow', 100, 'S', 58),
	(2890, NULL, NULL, b'0', NULL, NULL, 'Yellow', 100, 'M', 58),
	(2891, NULL, NULL, b'0', NULL, NULL, 'Yellow', 100, 'L', 58),
	(2892, NULL, NULL, b'0', NULL, NULL, 'Yellow', 100, 'XL', 58),
	(2893, NULL, NULL, b'0', NULL, NULL, 'Yellow', 100, 'XXL', 58),
	(2894, NULL, NULL, b'0', NULL, NULL, 'Black', 100, 'S', 58),
	(2895, NULL, NULL, b'0', NULL, NULL, 'Black', 100, 'M', 58),
	(2896, NULL, NULL, b'0', NULL, NULL, 'Black', 100, 'L', 58),
	(2897, NULL, NULL, b'0', NULL, NULL, 'Black', 100, 'XL', 58),
	(2898, NULL, NULL, b'0', NULL, NULL, 'Black', 100, 'XXL', 58),
	(2899, NULL, NULL, b'0', NULL, NULL, 'Red', 100, 'S', 59),
	(2900, NULL, NULL, b'0', NULL, NULL, 'Red', 100, 'M', 59),
	(2901, NULL, NULL, b'0', NULL, NULL, 'Red', 100, 'L', 59),
	(2902, NULL, NULL, b'0', NULL, NULL, 'Red', 100, 'XL', 59),
	(2903, NULL, NULL, b'0', NULL, NULL, 'Red', 100, 'XXL', 59),
	(2904, NULL, NULL, b'0', NULL, NULL, 'Blue', 100, 'S', 59),
	(2905, NULL, NULL, b'0', NULL, NULL, 'Blue', 100, 'M', 59),
	(2906, NULL, NULL, b'0', NULL, NULL, 'Blue', 100, 'L', 59),
	(2907, NULL, NULL, b'0', NULL, NULL, 'Blue', 100, 'XL', 59),
	(2908, NULL, NULL, b'0', NULL, NULL, 'Blue', 100, 'XXL', 59),
	(2909, NULL, NULL, b'0', NULL, NULL, 'Green', 100, 'S', 59),
	(2910, NULL, NULL, b'0', NULL, NULL, 'Green', 100, 'M', 59),
	(2911, NULL, NULL, b'0', NULL, NULL, 'Green', 100, 'L', 59),
	(2912, NULL, NULL, b'0', NULL, NULL, 'Green', 100, 'XL', 59),
	(2913, NULL, NULL, b'0', NULL, NULL, 'Green', 100, 'XXL', 59),
	(2914, NULL, NULL, b'0', NULL, NULL, 'Yellow', 100, 'S', 59),
	(2915, NULL, NULL, b'0', NULL, NULL, 'Yellow', 100, 'M', 59),
	(2916, NULL, NULL, b'0', NULL, NULL, 'Yellow', 100, 'L', 59),
	(2917, NULL, NULL, b'0', NULL, NULL, 'Yellow', 100, 'XL', 59),
	(2918, NULL, NULL, b'0', NULL, NULL, 'Yellow', 100, 'XXL', 59),
	(2919, NULL, NULL, b'0', NULL, NULL, 'Black', 100, 'S', 59),
	(2920, NULL, NULL, b'0', NULL, NULL, 'Black', 100, 'M', 59),
	(2921, NULL, NULL, b'0', NULL, NULL, 'Black', 100, 'L', 59),
	(2922, NULL, NULL, b'0', NULL, NULL, 'Black', 100, 'XL', 59),
	(2923, NULL, NULL, b'0', NULL, NULL, 'Black', 100, 'XXL', 59),
	(2924, NULL, NULL, b'0', NULL, NULL, 'Red', 100, 'S', 60),
	(2925, NULL, NULL, b'0', NULL, NULL, 'Red', 100, 'M', 60),
	(2926, NULL, NULL, b'0', NULL, NULL, 'Red', 100, 'L', 60),
	(2927, NULL, NULL, b'0', NULL, NULL, 'Red', 100, 'XL', 60),
	(2928, NULL, NULL, b'0', NULL, NULL, 'Red', 100, 'XXL', 60),
	(2929, NULL, NULL, b'0', NULL, NULL, 'Blue', 100, 'S', 60),
	(2930, NULL, NULL, b'0', NULL, NULL, 'Blue', 100, 'M', 60),
	(2931, NULL, NULL, b'0', NULL, NULL, 'Blue', 100, 'L', 60),
	(2932, NULL, NULL, b'0', NULL, NULL, 'Blue', 100, 'XL', 60),
	(2933, NULL, NULL, b'0', NULL, NULL, 'Blue', 100, 'XXL', 60),
	(2934, NULL, NULL, b'0', NULL, NULL, 'Green', 100, 'S', 60),
	(2935, NULL, NULL, b'0', NULL, NULL, 'Green', 100, 'M', 60),
	(2936, NULL, NULL, b'0', NULL, NULL, 'Green', 100, 'L', 60),
	(2937, NULL, NULL, b'0', NULL, NULL, 'Green', 100, 'XL', 60),
	(2938, NULL, NULL, b'0', NULL, NULL, 'Green', 100, 'XXL', 60),
	(2939, NULL, NULL, b'0', NULL, NULL, 'Yellow', 100, 'S', 60),
	(2940, NULL, NULL, b'0', NULL, NULL, 'Yellow', 100, 'M', 60),
	(2941, NULL, NULL, b'0', NULL, NULL, 'Yellow', 100, 'L', 60),
	(2942, NULL, NULL, b'0', NULL, NULL, 'Yellow', 100, 'XL', 60),
	(2943, NULL, NULL, b'0', NULL, NULL, 'Yellow', 100, 'XXL', 60),
	(2944, NULL, NULL, b'0', NULL, NULL, 'Black', 100, 'S', 60),
	(2945, NULL, NULL, b'0', NULL, NULL, 'Black', 100, 'M', 60),
	(2946, NULL, NULL, b'0', NULL, NULL, 'Black', 100, 'L', 60),
	(2947, NULL, NULL, b'0', NULL, NULL, 'Black', 100, 'XL', 60),
	(2948, NULL, NULL, b'0', NULL, NULL, 'Black', 100, 'XXL', 60),
	(2949, NULL, NULL, b'0', NULL, NULL, 'Red', 100, 'S', 61),
	(2950, NULL, NULL, b'0', NULL, NULL, 'Red', 100, 'M', 61),
	(2951, NULL, NULL, b'0', NULL, NULL, 'Red', 100, 'L', 61),
	(2952, NULL, NULL, b'0', NULL, NULL, 'Red', 100, 'XL', 61),
	(2953, NULL, NULL, b'0', NULL, NULL, 'Red', 100, 'XXL', 61),
	(2954, NULL, NULL, b'0', NULL, NULL, 'Blue', 100, 'S', 61),
	(2955, NULL, NULL, b'0', NULL, NULL, 'Blue', 100, 'M', 61),
	(2956, NULL, NULL, b'0', NULL, NULL, 'Blue', 100, 'L', 61),
	(2957, NULL, NULL, b'0', NULL, NULL, 'Blue', 100, 'XL', 61),
	(2958, NULL, NULL, b'0', NULL, NULL, 'Blue', 100, 'XXL', 61),
	(2959, NULL, NULL, b'0', NULL, NULL, 'Green', 100, 'S', 61),
	(2960, NULL, NULL, b'0', NULL, NULL, 'Green', 100, 'M', 61),
	(2961, NULL, NULL, b'0', NULL, NULL, 'Green', 100, 'L', 61),
	(2962, NULL, NULL, b'0', NULL, NULL, 'Green', 100, 'XL', 61),
	(2963, NULL, NULL, b'0', NULL, NULL, 'Green', 100, 'XXL', 61),
	(2964, NULL, NULL, b'0', NULL, NULL, 'Yellow', 100, 'S', 61),
	(2965, NULL, NULL, b'0', NULL, NULL, 'Yellow', 100, 'M', 61),
	(2966, NULL, NULL, b'0', NULL, NULL, 'Yellow', 100, 'L', 61),
	(2967, NULL, NULL, b'0', NULL, NULL, 'Yellow', 100, 'XL', 61),
	(2968, NULL, NULL, b'0', NULL, NULL, 'Yellow', 100, 'XXL', 61),
	(2969, NULL, NULL, b'0', NULL, NULL, 'Black', 100, 'S', 61),
	(2970, NULL, NULL, b'0', NULL, NULL, 'Black', 100, 'M', 61),
	(2971, NULL, NULL, b'0', NULL, NULL, 'Black', 100, 'L', 61),
	(2972, NULL, NULL, b'0', NULL, NULL, 'Black', 100, 'XL', 61),
	(2973, NULL, NULL, b'0', NULL, NULL, 'Black', 100, 'XXL', 61),
	(2974, NULL, NULL, b'0', NULL, NULL, 'Red', 100, 'S', 62),
	(2975, NULL, NULL, b'0', NULL, NULL, 'Red', 100, 'M', 62),
	(2976, NULL, NULL, b'0', NULL, NULL, 'Red', 100, 'L', 62),
	(2977, NULL, NULL, b'0', NULL, NULL, 'Red', 100, 'XL', 62),
	(2978, NULL, NULL, b'0', NULL, NULL, 'Red', 100, 'XXL', 62),
	(2979, NULL, NULL, b'0', NULL, NULL, 'Blue', 100, 'S', 62),
	(2980, NULL, NULL, b'0', NULL, NULL, 'Blue', 100, 'M', 62),
	(2981, NULL, NULL, b'0', NULL, NULL, 'Blue', 100, 'L', 62),
	(2982, NULL, NULL, b'0', NULL, NULL, 'Blue', 100, 'XL', 62),
	(2983, NULL, NULL, b'0', NULL, NULL, 'Blue', 100, 'XXL', 62),
	(2984, NULL, NULL, b'0', NULL, NULL, 'Green', 100, 'S', 62),
	(2985, NULL, NULL, b'0', NULL, NULL, 'Green', 100, 'M', 62),
	(2986, NULL, NULL, b'0', NULL, NULL, 'Green', 100, 'L', 62),
	(2987, NULL, NULL, b'0', NULL, NULL, 'Green', 100, 'XL', 62),
	(2988, NULL, NULL, b'0', NULL, NULL, 'Green', 100, 'XXL', 62),
	(2989, NULL, NULL, b'0', NULL, NULL, 'Yellow', 100, 'S', 62),
	(2990, NULL, NULL, b'0', NULL, NULL, 'Yellow', 100, 'M', 62),
	(2991, NULL, NULL, b'0', NULL, NULL, 'Yellow', 100, 'L', 62),
	(2992, NULL, NULL, b'0', NULL, NULL, 'Yellow', 100, 'XL', 62),
	(2993, NULL, NULL, b'0', NULL, NULL, 'Yellow', 100, 'XXL', 62),
	(2994, NULL, NULL, b'0', NULL, NULL, 'Black', 100, 'S', 62),
	(2995, NULL, NULL, b'0', NULL, NULL, 'Black', 100, 'M', 62),
	(2996, NULL, NULL, b'0', NULL, NULL, 'Black', 100, 'L', 62),
	(2997, NULL, NULL, b'0', NULL, NULL, 'Black', 100, 'XL', 62),
	(2998, NULL, NULL, b'0', NULL, NULL, 'Black', 100, 'XXL', 62),
	(2999, NULL, NULL, b'0', NULL, NULL, 'Red', 100, 'S', 63),
	(3000, NULL, NULL, b'0', NULL, NULL, 'Red', 100, 'M', 63),
	(3001, NULL, NULL, b'0', NULL, NULL, 'Red', 100, 'L', 63),
	(3002, NULL, NULL, b'0', NULL, NULL, 'Red', 100, 'XL', 63),
	(3003, NULL, NULL, b'0', NULL, NULL, 'Red', 100, 'XXL', 63),
	(3004, NULL, NULL, b'0', NULL, NULL, 'Blue', 100, 'S', 63),
	(3005, NULL, NULL, b'0', NULL, NULL, 'Blue', 100, 'M', 63),
	(3006, NULL, NULL, b'0', NULL, NULL, 'Blue', 100, 'L', 63),
	(3007, NULL, NULL, b'0', NULL, NULL, 'Blue', 100, 'XL', 63),
	(3008, NULL, NULL, b'0', NULL, NULL, 'Blue', 100, 'XXL', 63),
	(3009, NULL, NULL, b'0', NULL, NULL, 'Green', 100, 'S', 63),
	(3010, NULL, NULL, b'0', NULL, NULL, 'Green', 100, 'M', 63),
	(3011, NULL, NULL, b'0', NULL, NULL, 'Green', 100, 'L', 63),
	(3012, NULL, NULL, b'0', NULL, NULL, 'Green', 100, 'XL', 63),
	(3013, NULL, NULL, b'0', NULL, NULL, 'Green', 100, 'XXL', 63),
	(3014, NULL, NULL, b'0', NULL, NULL, 'Yellow', 100, 'S', 63),
	(3015, NULL, NULL, b'0', NULL, NULL, 'Yellow', 100, 'M', 63),
	(3016, NULL, NULL, b'0', NULL, NULL, 'Yellow', 100, 'L', 63),
	(3017, NULL, NULL, b'0', NULL, NULL, 'Yellow', 100, 'XL', 63),
	(3018, NULL, NULL, b'0', NULL, NULL, 'Yellow', 100, 'XXL', 63),
	(3019, NULL, NULL, b'0', NULL, NULL, 'Black', 100, 'S', 63),
	(3020, NULL, NULL, b'0', NULL, NULL, 'Black', 100, 'M', 63),
	(3021, NULL, NULL, b'0', NULL, NULL, 'Black', 100, 'L', 63),
	(3022, NULL, NULL, b'0', NULL, NULL, 'Black', 100, 'XL', 63),
	(3023, NULL, NULL, b'0', NULL, NULL, 'Black', 100, 'XXL', 63),
	(3024, NULL, NULL, b'0', NULL, NULL, 'Red', 100, 'S', 64),
	(3025, NULL, NULL, b'0', NULL, NULL, 'Red', 100, 'M', 64),
	(3026, NULL, NULL, b'0', NULL, NULL, 'Red', 100, 'L', 64),
	(3027, NULL, NULL, b'0', NULL, NULL, 'Red', 100, 'XL', 64),
	(3028, NULL, NULL, b'0', NULL, NULL, 'Red', 100, 'XXL', 64),
	(3029, NULL, NULL, b'0', NULL, NULL, 'Blue', 100, 'S', 64),
	(3030, NULL, NULL, b'0', NULL, NULL, 'Blue', 100, 'M', 64),
	(3031, NULL, NULL, b'0', NULL, NULL, 'Blue', 100, 'L', 64),
	(3032, NULL, NULL, b'0', NULL, NULL, 'Blue', 100, 'XL', 64),
	(3033, NULL, NULL, b'0', NULL, NULL, 'Blue', 100, 'XXL', 64),
	(3034, NULL, NULL, b'0', NULL, NULL, 'Green', 100, 'S', 64),
	(3035, NULL, NULL, b'0', NULL, NULL, 'Green', 100, 'M', 64),
	(3036, NULL, NULL, b'0', NULL, NULL, 'Green', 100, 'L', 64),
	(3037, NULL, NULL, b'0', NULL, NULL, 'Green', 100, 'XL', 64),
	(3038, NULL, NULL, b'0', NULL, NULL, 'Green', 100, 'XXL', 64),
	(3039, NULL, NULL, b'0', NULL, NULL, 'Yellow', 100, 'S', 64),
	(3040, NULL, NULL, b'0', NULL, NULL, 'Yellow', 100, 'M', 64),
	(3041, NULL, NULL, b'0', NULL, NULL, 'Yellow', 100, 'L', 64),
	(3042, NULL, NULL, b'0', NULL, NULL, 'Yellow', 100, 'XL', 64),
	(3043, NULL, NULL, b'0', NULL, NULL, 'Yellow', 100, 'XXL', 64),
	(3044, NULL, NULL, b'0', NULL, NULL, 'Black', 100, 'S', 64),
	(3045, NULL, NULL, b'0', NULL, NULL, 'Black', 100, 'M', 64),
	(3046, NULL, NULL, b'0', NULL, NULL, 'Black', 100, 'L', 64),
	(3047, NULL, NULL, b'0', NULL, NULL, 'Black', 100, 'XL', 64),
	(3048, NULL, NULL, b'0', NULL, NULL, 'Black', 100, 'XXL', 64),
	(3049, NULL, NULL, b'0', NULL, NULL, 'Red', 100, 'S', 65),
	(3050, NULL, NULL, b'0', NULL, NULL, 'Red', 100, 'M', 65),
	(3051, NULL, NULL, b'0', NULL, NULL, 'Red', 100, 'L', 65),
	(3052, NULL, NULL, b'0', NULL, NULL, 'Red', 100, 'XL', 65),
	(3053, NULL, NULL, b'0', NULL, NULL, 'Red', 100, 'XXL', 65),
	(3054, NULL, NULL, b'0', NULL, NULL, 'Blue', 100, 'S', 65),
	(3055, NULL, NULL, b'0', NULL, NULL, 'Blue', 100, 'M', 65),
	(3056, NULL, NULL, b'0', NULL, NULL, 'Blue', 100, 'L', 65),
	(3057, NULL, NULL, b'0', NULL, NULL, 'Blue', 100, 'XL', 65),
	(3058, NULL, NULL, b'0', NULL, NULL, 'Blue', 100, 'XXL', 65),
	(3059, NULL, NULL, b'0', NULL, NULL, 'Green', 100, 'S', 65),
	(3060, NULL, NULL, b'0', NULL, NULL, 'Green', 100, 'M', 65),
	(3061, NULL, NULL, b'0', NULL, NULL, 'Green', 100, 'L', 65),
	(3062, NULL, NULL, b'0', NULL, NULL, 'Green', 100, 'XL', 65),
	(3063, NULL, NULL, b'0', NULL, NULL, 'Green', 100, 'XXL', 65),
	(3064, NULL, NULL, b'0', NULL, NULL, 'Yellow', 100, 'S', 65),
	(3065, NULL, NULL, b'0', NULL, NULL, 'Yellow', 100, 'M', 65),
	(3066, NULL, NULL, b'0', NULL, NULL, 'Yellow', 100, 'L', 65),
	(3067, NULL, NULL, b'0', NULL, NULL, 'Yellow', 100, 'XL', 65),
	(3068, NULL, NULL, b'0', NULL, NULL, 'Yellow', 100, 'XXL', 65),
	(3069, NULL, NULL, b'0', NULL, NULL, 'Black', 100, 'S', 65),
	(3070, NULL, NULL, b'0', NULL, NULL, 'Black', 100, 'M', 65),
	(3071, NULL, NULL, b'0', NULL, NULL, 'Black', 100, 'L', 65),
	(3072, NULL, NULL, b'0', NULL, NULL, 'Black', 100, 'XL', 65),
	(3073, NULL, NULL, b'0', NULL, NULL, 'Black', 100, 'XXL', 65),
	(3074, NULL, NULL, b'0', NULL, NULL, 'Red', 100, 'S', 66),
	(3075, NULL, NULL, b'0', NULL, NULL, 'Red', 100, 'M', 66),
	(3076, NULL, NULL, b'0', NULL, NULL, 'Red', 100, 'L', 66),
	(3077, NULL, NULL, b'0', NULL, NULL, 'Red', 100, 'XL', 66),
	(3078, NULL, NULL, b'0', NULL, NULL, 'Red', 100, 'XXL', 66),
	(3079, NULL, NULL, b'0', NULL, NULL, 'Blue', 100, 'S', 66),
	(3080, NULL, NULL, b'0', NULL, NULL, 'Blue', 100, 'M', 66),
	(3081, NULL, NULL, b'0', NULL, NULL, 'Blue', 100, 'L', 66),
	(3082, NULL, NULL, b'0', NULL, NULL, 'Blue', 100, 'XL', 66),
	(3083, NULL, NULL, b'0', NULL, NULL, 'Blue', 100, 'XXL', 66),
	(3084, NULL, NULL, b'0', NULL, NULL, 'Green', 100, 'S', 66),
	(3085, NULL, NULL, b'0', NULL, NULL, 'Green', 100, 'M', 66),
	(3086, NULL, NULL, b'0', NULL, NULL, 'Green', 100, 'L', 66),
	(3087, NULL, NULL, b'0', NULL, NULL, 'Green', 100, 'XL', 66),
	(3088, NULL, NULL, b'0', NULL, NULL, 'Green', 100, 'XXL', 66),
	(3089, NULL, NULL, b'0', NULL, NULL, 'Yellow', 100, 'S', 66),
	(3090, NULL, NULL, b'0', NULL, NULL, 'Yellow', 100, 'M', 66),
	(3091, NULL, NULL, b'0', NULL, NULL, 'Yellow', 100, 'L', 66),
	(3092, NULL, NULL, b'0', NULL, NULL, 'Yellow', 100, 'XL', 66),
	(3093, NULL, NULL, b'0', NULL, NULL, 'Yellow', 100, 'XXL', 66),
	(3094, NULL, NULL, b'0', NULL, NULL, 'Black', 100, 'S', 66),
	(3095, NULL, NULL, b'0', NULL, NULL, 'Black', 100, 'M', 66),
	(3096, NULL, NULL, b'0', NULL, NULL, 'Black', 100, 'L', 66),
	(3097, NULL, NULL, b'0', NULL, NULL, 'Black', 100, 'XL', 66),
	(3098, NULL, NULL, b'0', NULL, NULL, 'Black', 100, 'XXL', 66),
	(3099, NULL, NULL, b'0', NULL, NULL, 'Red', 100, 'S', 67),
	(3100, NULL, NULL, b'0', NULL, NULL, 'Red', 100, 'M', 67),
	(3101, NULL, NULL, b'0', NULL, NULL, 'Red', 100, 'L', 67),
	(3102, NULL, NULL, b'0', NULL, NULL, 'Red', 100, 'XL', 67),
	(3103, NULL, NULL, b'0', NULL, NULL, 'Red', 100, 'XXL', 67),
	(3104, NULL, NULL, b'0', NULL, NULL, 'Blue', 100, 'S', 67),
	(3105, NULL, NULL, b'0', NULL, NULL, 'Blue', 100, 'M', 67),
	(3106, NULL, NULL, b'0', NULL, NULL, 'Blue', 100, 'L', 67),
	(3107, NULL, NULL, b'0', NULL, NULL, 'Blue', 100, 'XL', 67),
	(3108, NULL, NULL, b'0', NULL, NULL, 'Blue', 100, 'XXL', 67),
	(3109, NULL, NULL, b'0', NULL, NULL, 'Green', 100, 'S', 67),
	(3110, NULL, NULL, b'0', NULL, NULL, 'Green', 100, 'M', 67),
	(3111, NULL, NULL, b'0', NULL, NULL, 'Green', 100, 'L', 67),
	(3112, NULL, NULL, b'0', NULL, NULL, 'Green', 100, 'XL', 67),
	(3113, NULL, NULL, b'0', NULL, NULL, 'Green', 100, 'XXL', 67),
	(3114, NULL, NULL, b'0', NULL, NULL, 'Yellow', 100, 'S', 67),
	(3115, NULL, NULL, b'0', NULL, NULL, 'Yellow', 100, 'M', 67),
	(3116, NULL, NULL, b'0', NULL, NULL, 'Yellow', 100, 'L', 67),
	(3117, NULL, NULL, b'0', NULL, NULL, 'Yellow', 100, 'XL', 67),
	(3118, NULL, NULL, b'0', NULL, NULL, 'Yellow', 100, 'XXL', 67),
	(3119, NULL, NULL, b'0', NULL, NULL, 'Black', 100, 'S', 67),
	(3120, NULL, NULL, b'0', NULL, NULL, 'Black', 100, 'M', 67),
	(3121, NULL, NULL, b'0', NULL, NULL, 'Black', 100, 'L', 67),
	(3122, NULL, NULL, b'0', NULL, NULL, 'Black', 100, 'XL', 67),
	(3123, NULL, NULL, b'0', NULL, NULL, 'Black', 100, 'XXL', 67),
	(3124, NULL, NULL, b'0', NULL, NULL, 'Red', 100, 'S', 68),
	(3125, NULL, NULL, b'0', NULL, NULL, 'Red', 100, 'M', 68),
	(3126, NULL, NULL, b'0', NULL, NULL, 'Red', 100, 'L', 68),
	(3127, NULL, NULL, b'0', NULL, NULL, 'Red', 100, 'XL', 68),
	(3128, NULL, NULL, b'0', NULL, NULL, 'Red', 100, 'XXL', 68),
	(3129, NULL, NULL, b'0', NULL, NULL, 'Blue', 100, 'S', 68),
	(3130, NULL, NULL, b'0', NULL, NULL, 'Blue', 100, 'M', 68),
	(3131, NULL, NULL, b'0', NULL, NULL, 'Blue', 100, 'L', 68),
	(3132, NULL, NULL, b'0', NULL, NULL, 'Blue', 100, 'XL', 68),
	(3133, NULL, NULL, b'0', NULL, NULL, 'Blue', 100, 'XXL', 68),
	(3134, NULL, NULL, b'0', NULL, NULL, 'Green', 100, 'S', 68),
	(3135, NULL, NULL, b'0', NULL, NULL, 'Green', 100, 'M', 68),
	(3136, NULL, NULL, b'0', NULL, NULL, 'Green', 100, 'L', 68),
	(3137, NULL, NULL, b'0', NULL, NULL, 'Green', 100, 'XL', 68),
	(3138, NULL, NULL, b'0', NULL, NULL, 'Green', 100, 'XXL', 68),
	(3139, NULL, NULL, b'0', NULL, NULL, 'Yellow', 100, 'S', 68),
	(3140, NULL, NULL, b'0', NULL, NULL, 'Yellow', 100, 'M', 68),
	(3141, NULL, NULL, b'0', NULL, NULL, 'Yellow', 100, 'L', 68),
	(3142, NULL, NULL, b'0', NULL, NULL, 'Yellow', 100, 'XL', 68),
	(3143, NULL, NULL, b'0', NULL, NULL, 'Yellow', 100, 'XXL', 68),
	(3144, NULL, NULL, b'0', NULL, NULL, 'Black', 100, 'S', 68),
	(3145, NULL, NULL, b'0', NULL, NULL, 'Black', 100, 'M', 68),
	(3146, NULL, NULL, b'0', NULL, NULL, 'Black', 100, 'L', 68),
	(3147, NULL, NULL, b'0', NULL, NULL, 'Black', 100, 'XL', 68),
	(3148, NULL, NULL, b'0', NULL, NULL, 'Black', 100, 'XXL', 68),
	(3149, NULL, NULL, b'0', NULL, NULL, 'Red', 100, 'S', 69),
	(3150, NULL, NULL, b'0', NULL, NULL, 'Red', 100, 'M', 69),
	(3151, NULL, NULL, b'0', NULL, NULL, 'Red', 100, 'L', 69),
	(3152, NULL, NULL, b'0', NULL, NULL, 'Red', 100, 'XL', 69),
	(3153, NULL, NULL, b'0', NULL, NULL, 'Red', 100, 'XXL', 69),
	(3154, NULL, NULL, b'0', NULL, NULL, 'Blue', 100, 'S', 69),
	(3155, NULL, NULL, b'0', NULL, NULL, 'Blue', 100, 'M', 69),
	(3156, NULL, NULL, b'0', NULL, NULL, 'Blue', 100, 'L', 69),
	(3157, NULL, NULL, b'0', NULL, NULL, 'Blue', 100, 'XL', 69),
	(3158, NULL, NULL, b'0', NULL, NULL, 'Blue', 100, 'XXL', 69),
	(3159, NULL, NULL, b'0', NULL, NULL, 'Green', 100, 'S', 69),
	(3160, NULL, NULL, b'0', NULL, NULL, 'Green', 100, 'M', 69),
	(3161, NULL, NULL, b'0', NULL, NULL, 'Green', 100, 'L', 69),
	(3162, NULL, NULL, b'0', NULL, NULL, 'Green', 100, 'XL', 69),
	(3163, NULL, NULL, b'0', NULL, NULL, 'Green', 100, 'XXL', 69),
	(3164, NULL, NULL, b'0', NULL, NULL, 'Yellow', 100, 'S', 69),
	(3165, NULL, NULL, b'0', NULL, NULL, 'Yellow', 100, 'M', 69),
	(3166, NULL, NULL, b'0', NULL, NULL, 'Yellow', 100, 'L', 69),
	(3167, NULL, NULL, b'0', NULL, NULL, 'Yellow', 100, 'XL', 69),
	(3168, NULL, NULL, b'0', NULL, NULL, 'Yellow', 100, 'XXL', 69),
	(3169, NULL, NULL, b'0', NULL, NULL, 'Black', 100, 'S', 69),
	(3170, NULL, NULL, b'0', NULL, NULL, 'Black', 100, 'M', 69),
	(3171, NULL, NULL, b'0', NULL, NULL, 'Black', 100, 'L', 69),
	(3172, NULL, NULL, b'0', NULL, NULL, 'Black', 100, 'XL', 69),
	(3173, NULL, NULL, b'0', NULL, NULL, 'Black', 100, 'XXL', 69),
	(3174, NULL, NULL, b'0', NULL, NULL, 'Red', 100, 'S', 70),
	(3175, NULL, NULL, b'0', NULL, NULL, 'Red', 100, 'M', 70),
	(3176, NULL, NULL, b'0', NULL, NULL, 'Red', 100, 'L', 70),
	(3177, NULL, NULL, b'0', NULL, NULL, 'Red', 100, 'XL', 70),
	(3178, NULL, NULL, b'0', NULL, NULL, 'Red', 100, 'XXL', 70),
	(3179, NULL, NULL, b'0', NULL, NULL, 'Blue', 100, 'S', 70),
	(3180, NULL, NULL, b'0', NULL, NULL, 'Blue', 100, 'M', 70),
	(3181, NULL, NULL, b'0', NULL, NULL, 'Blue', 100, 'L', 70),
	(3182, NULL, NULL, b'0', NULL, NULL, 'Blue', 100, 'XL', 70),
	(3183, NULL, NULL, b'0', NULL, NULL, 'Blue', 100, 'XXL', 70),
	(3184, NULL, NULL, b'0', NULL, NULL, 'Green', 100, 'S', 70),
	(3185, NULL, NULL, b'0', NULL, NULL, 'Green', 100, 'M', 70),
	(3186, NULL, NULL, b'0', NULL, NULL, 'Green', 100, 'L', 70),
	(3187, NULL, NULL, b'0', NULL, NULL, 'Green', 100, 'XL', 70),
	(3188, NULL, NULL, b'0', NULL, NULL, 'Green', 100, 'XXL', 70),
	(3189, NULL, NULL, b'0', NULL, NULL, 'Yellow', 100, 'S', 70),
	(3190, NULL, NULL, b'0', NULL, NULL, 'Yellow', 100, 'M', 70),
	(3191, NULL, NULL, b'0', NULL, NULL, 'Yellow', 100, 'L', 70),
	(3192, NULL, NULL, b'0', NULL, NULL, 'Yellow', 100, 'XL', 70),
	(3193, NULL, NULL, b'0', NULL, NULL, 'Yellow', 100, 'XXL', 70),
	(3194, NULL, NULL, b'0', NULL, NULL, 'Black', 100, 'S', 70),
	(3195, NULL, NULL, b'0', NULL, NULL, 'Black', 100, 'M', 70),
	(3196, NULL, NULL, b'0', NULL, NULL, 'Black', 100, 'L', 70),
	(3197, NULL, NULL, b'0', NULL, NULL, 'Black', 100, 'XL', 70),
	(3198, NULL, NULL, b'0', NULL, NULL, 'Black', 100, 'XXL', 70),
	(3199, NULL, NULL, b'0', NULL, NULL, 'Red', 100, 'S', 71),
	(3200, NULL, NULL, b'0', NULL, NULL, 'Red', 100, 'M', 71),
	(3201, NULL, NULL, b'0', NULL, NULL, 'Red', 100, 'L', 71),
	(3202, NULL, NULL, b'0', NULL, NULL, 'Red', 100, 'XL', 71),
	(3203, NULL, NULL, b'0', NULL, NULL, 'Red', 100, 'XXL', 71),
	(3204, NULL, NULL, b'0', NULL, NULL, 'Blue', 100, 'S', 71),
	(3205, NULL, NULL, b'0', NULL, NULL, 'Blue', 100, 'M', 71),
	(3206, NULL, NULL, b'0', NULL, NULL, 'Blue', 100, 'L', 71),
	(3207, NULL, NULL, b'0', NULL, NULL, 'Blue', 100, 'XL', 71),
	(3208, NULL, NULL, b'0', NULL, NULL, 'Blue', 100, 'XXL', 71),
	(3209, NULL, NULL, b'0', NULL, NULL, 'Green', 100, 'S', 71),
	(3210, NULL, NULL, b'0', NULL, NULL, 'Green', 100, 'M', 71),
	(3211, NULL, NULL, b'0', NULL, NULL, 'Green', 100, 'L', 71),
	(3212, NULL, NULL, b'0', NULL, NULL, 'Green', 100, 'XL', 71),
	(3213, NULL, NULL, b'0', NULL, NULL, 'Green', 100, 'XXL', 71),
	(3214, NULL, NULL, b'0', NULL, NULL, 'Yellow', 100, 'S', 71),
	(3215, NULL, NULL, b'0', NULL, NULL, 'Yellow', 100, 'M', 71),
	(3216, NULL, NULL, b'0', NULL, NULL, 'Yellow', 100, 'L', 71),
	(3217, NULL, NULL, b'0', NULL, NULL, 'Yellow', 100, 'XL', 71),
	(3218, NULL, NULL, b'0', NULL, NULL, 'Yellow', 100, 'XXL', 71),
	(3219, NULL, NULL, b'0', NULL, NULL, 'Black', 100, 'S', 71),
	(3220, NULL, NULL, b'0', NULL, NULL, 'Black', 100, 'M', 71),
	(3221, NULL, NULL, b'0', NULL, NULL, 'Black', 100, 'L', 71),
	(3222, NULL, NULL, b'0', NULL, NULL, 'Black', 100, 'XL', 71),
	(3223, NULL, NULL, b'0', NULL, NULL, 'Black', 100, 'XXL', 71),
	(3224, NULL, NULL, b'0', NULL, NULL, 'Red', 100, 'S', 72),
	(3225, NULL, NULL, b'0', NULL, NULL, 'Red', 100, 'M', 72),
	(3226, NULL, NULL, b'0', NULL, NULL, 'Red', 100, 'L', 72),
	(3227, NULL, NULL, b'0', NULL, NULL, 'Red', 100, 'XL', 72),
	(3228, NULL, NULL, b'0', NULL, NULL, 'Red', 100, 'XXL', 72),
	(3229, NULL, NULL, b'0', NULL, NULL, 'Blue', 100, 'S', 72),
	(3230, NULL, NULL, b'0', NULL, NULL, 'Blue', 100, 'M', 72),
	(3231, NULL, NULL, b'0', NULL, NULL, 'Blue', 100, 'L', 72),
	(3232, NULL, NULL, b'0', NULL, NULL, 'Blue', 100, 'XL', 72),
	(3233, NULL, NULL, b'0', NULL, NULL, 'Blue', 100, 'XXL', 72),
	(3234, NULL, NULL, b'0', NULL, NULL, 'Green', 100, 'S', 72),
	(3235, NULL, NULL, b'0', NULL, NULL, 'Green', 100, 'M', 72),
	(3236, NULL, NULL, b'0', NULL, NULL, 'Green', 100, 'L', 72),
	(3237, NULL, NULL, b'0', NULL, NULL, 'Green', 100, 'XL', 72),
	(3238, NULL, NULL, b'0', NULL, NULL, 'Green', 100, 'XXL', 72),
	(3239, NULL, NULL, b'0', NULL, NULL, 'Yellow', 100, 'S', 72),
	(3240, NULL, NULL, b'0', NULL, NULL, 'Yellow', 100, 'M', 72),
	(3241, NULL, NULL, b'0', NULL, NULL, 'Yellow', 100, 'L', 72),
	(3242, NULL, NULL, b'0', NULL, NULL, 'Yellow', 100, 'XL', 72),
	(3243, NULL, NULL, b'0', NULL, NULL, 'Yellow', 100, 'XXL', 72),
	(3244, NULL, NULL, b'0', NULL, NULL, 'Black', 100, 'S', 72),
	(3245, NULL, NULL, b'0', NULL, NULL, 'Black', 100, 'M', 72),
	(3246, NULL, NULL, b'0', NULL, NULL, 'Black', 100, 'L', 72),
	(3247, NULL, NULL, b'0', NULL, NULL, 'Black', 100, 'XL', 72),
	(3248, NULL, NULL, b'0', NULL, NULL, 'Black', 100, 'XXL', 72),
	(3249, NULL, NULL, b'0', NULL, NULL, 'Red', 100, 'S', 73),
	(3250, NULL, NULL, b'0', NULL, NULL, 'Red', 100, 'M', 73),
	(3251, NULL, NULL, b'0', NULL, NULL, 'Red', 100, 'L', 73),
	(3252, NULL, NULL, b'0', NULL, NULL, 'Red', 100, 'XL', 73),
	(3253, NULL, NULL, b'0', NULL, NULL, 'Red', 100, 'XXL', 73),
	(3254, NULL, NULL, b'0', NULL, NULL, 'Blue', 100, 'S', 73),
	(3255, NULL, NULL, b'0', NULL, NULL, 'Blue', 100, 'M', 73),
	(3256, NULL, NULL, b'0', NULL, NULL, 'Blue', 100, 'L', 73),
	(3257, NULL, NULL, b'0', NULL, NULL, 'Blue', 100, 'XL', 73),
	(3258, NULL, NULL, b'0', NULL, NULL, 'Blue', 100, 'XXL', 73),
	(3259, NULL, NULL, b'0', NULL, NULL, 'Green', 100, 'S', 73),
	(3260, NULL, NULL, b'0', NULL, NULL, 'Green', 100, 'M', 73),
	(3261, NULL, NULL, b'0', NULL, NULL, 'Green', 100, 'L', 73),
	(3262, NULL, NULL, b'0', NULL, NULL, 'Green', 100, 'XL', 73),
	(3263, NULL, NULL, b'0', NULL, NULL, 'Green', 100, 'XXL', 73),
	(3264, NULL, NULL, b'0', NULL, NULL, 'Yellow', 100, 'S', 73),
	(3265, NULL, NULL, b'0', NULL, NULL, 'Yellow', 100, 'M', 73),
	(3266, NULL, NULL, b'0', NULL, NULL, 'Yellow', 100, 'L', 73),
	(3267, NULL, NULL, b'0', NULL, NULL, 'Yellow', 100, 'XL', 73),
	(3268, NULL, NULL, b'0', NULL, NULL, 'Yellow', 100, 'XXL', 73),
	(3269, NULL, NULL, b'0', NULL, NULL, 'Black', 100, 'S', 73),
	(3270, NULL, NULL, b'0', NULL, NULL, 'Black', 100, 'M', 73),
	(3271, NULL, NULL, b'0', NULL, NULL, 'Black', 100, 'L', 73),
	(3272, NULL, NULL, b'0', NULL, NULL, 'Black', 100, 'XL', 73),
	(3273, NULL, NULL, b'0', NULL, NULL, 'Black', 100, 'XXL', 73),
	(3274, NULL, NULL, b'0', NULL, NULL, 'Red', 100, 'S', 74),
	(3275, NULL, NULL, b'0', NULL, NULL, 'Red', 100, 'M', 74),
	(3276, NULL, NULL, b'0', NULL, NULL, 'Red', 100, 'L', 74),
	(3277, NULL, NULL, b'0', NULL, NULL, 'Red', 100, 'XL', 74),
	(3278, NULL, NULL, b'0', NULL, NULL, 'Red', 100, 'XXL', 74),
	(3279, NULL, NULL, b'0', NULL, NULL, 'Blue', 100, 'S', 74),
	(3280, NULL, NULL, b'0', NULL, NULL, 'Blue', 100, 'M', 74),
	(3281, NULL, NULL, b'0', NULL, NULL, 'Blue', 100, 'L', 74),
	(3282, NULL, NULL, b'0', NULL, NULL, 'Blue', 100, 'XL', 74),
	(3283, NULL, NULL, b'0', NULL, NULL, 'Blue', 100, 'XXL', 74),
	(3284, NULL, NULL, b'0', NULL, NULL, 'Green', 100, 'S', 74),
	(3285, NULL, NULL, b'0', NULL, NULL, 'Green', 100, 'M', 74),
	(3286, NULL, NULL, b'0', NULL, NULL, 'Green', 100, 'L', 74),
	(3287, NULL, NULL, b'0', NULL, NULL, 'Green', 100, 'XL', 74),
	(3288, NULL, NULL, b'0', NULL, NULL, 'Green', 100, 'XXL', 74),
	(3289, NULL, NULL, b'0', NULL, NULL, 'Yellow', 100, 'S', 74),
	(3290, NULL, NULL, b'0', NULL, NULL, 'Yellow', 100, 'M', 74),
	(3291, NULL, NULL, b'0', NULL, NULL, 'Yellow', 100, 'L', 74),
	(3292, NULL, NULL, b'0', NULL, NULL, 'Yellow', 100, 'XL', 74),
	(3293, NULL, NULL, b'0', NULL, NULL, 'Yellow', 100, 'XXL', 74),
	(3294, NULL, NULL, b'0', NULL, NULL, 'Black', 100, 'S', 74),
	(3295, NULL, NULL, b'0', NULL, NULL, 'Black', 100, 'M', 74),
	(3296, NULL, NULL, b'0', NULL, NULL, 'Black', 100, 'L', 74),
	(3297, NULL, NULL, b'0', NULL, NULL, 'Black', 100, 'XL', 74),
	(3298, NULL, NULL, b'0', NULL, NULL, 'Black', 100, 'XXL', 74),
	(3299, NULL, NULL, b'0', NULL, NULL, 'Red', 100, 'S', 75),
	(3300, NULL, NULL, b'0', NULL, NULL, 'Red', 100, 'M', 75),
	(3301, NULL, NULL, b'0', NULL, NULL, 'Red', 100, 'L', 75),
	(3302, NULL, NULL, b'0', NULL, NULL, 'Red', 100, 'XL', 75),
	(3303, NULL, NULL, b'0', NULL, NULL, 'Red', 100, 'XXL', 75),
	(3304, NULL, NULL, b'0', NULL, NULL, 'Blue', 100, 'S', 75),
	(3305, NULL, NULL, b'0', NULL, NULL, 'Blue', 100, 'M', 75),
	(3306, NULL, NULL, b'0', NULL, NULL, 'Blue', 100, 'L', 75),
	(3307, NULL, NULL, b'0', NULL, NULL, 'Blue', 100, 'XL', 75),
	(3308, NULL, NULL, b'0', NULL, NULL, 'Blue', 100, 'XXL', 75),
	(3309, NULL, NULL, b'0', NULL, NULL, 'Green', 100, 'S', 75),
	(3310, NULL, NULL, b'0', NULL, NULL, 'Green', 100, 'M', 75),
	(3311, NULL, NULL, b'0', NULL, NULL, 'Green', 100, 'L', 75),
	(3312, NULL, NULL, b'0', NULL, NULL, 'Green', 100, 'XL', 75),
	(3313, NULL, NULL, b'0', NULL, NULL, 'Green', 100, 'XXL', 75),
	(3314, NULL, NULL, b'0', NULL, NULL, 'Yellow', 100, 'S', 75),
	(3315, NULL, NULL, b'0', NULL, NULL, 'Yellow', 100, 'M', 75),
	(3316, NULL, NULL, b'0', NULL, NULL, 'Yellow', 100, 'L', 75),
	(3317, NULL, NULL, b'0', NULL, NULL, 'Yellow', 100, 'XL', 75),
	(3318, NULL, NULL, b'0', NULL, NULL, 'Yellow', 100, 'XXL', 75),
	(3319, NULL, NULL, b'0', NULL, NULL, 'Black', 100, 'S', 75),
	(3320, NULL, NULL, b'0', NULL, NULL, 'Black', 100, 'M', 75),
	(3321, NULL, NULL, b'0', NULL, NULL, 'Black', 100, 'L', 75),
	(3322, NULL, NULL, b'0', NULL, NULL, 'Black', 100, 'XL', 75),
	(3323, NULL, NULL, b'0', NULL, NULL, 'Black', 100, 'XXL', 75),
	(3324, NULL, NULL, b'0', NULL, NULL, 'Red', 100, 'S', 76),
	(3325, NULL, NULL, b'0', NULL, NULL, 'Red', 100, 'M', 76),
	(3326, NULL, NULL, b'0', NULL, NULL, 'Red', 100, 'L', 76),
	(3327, NULL, NULL, b'0', NULL, NULL, 'Red', 100, 'XL', 76),
	(3328, NULL, NULL, b'0', NULL, NULL, 'Red', 100, 'XXL', 76),
	(3329, NULL, NULL, b'0', NULL, NULL, 'Blue', 100, 'S', 76),
	(3330, NULL, NULL, b'0', NULL, NULL, 'Blue', 100, 'M', 76),
	(3331, NULL, NULL, b'0', NULL, NULL, 'Blue', 100, 'L', 76),
	(3332, NULL, NULL, b'0', NULL, NULL, 'Blue', 100, 'XL', 76),
	(3333, NULL, NULL, b'0', NULL, NULL, 'Blue', 100, 'XXL', 76),
	(3334, NULL, NULL, b'0', NULL, NULL, 'Green', 100, 'S', 76),
	(3335, NULL, NULL, b'0', NULL, NULL, 'Green', 100, 'M', 76),
	(3336, NULL, NULL, b'0', NULL, NULL, 'Green', 100, 'L', 76),
	(3337, NULL, NULL, b'0', NULL, NULL, 'Green', 100, 'XL', 76),
	(3338, NULL, NULL, b'0', NULL, NULL, 'Green', 100, 'XXL', 76),
	(3339, NULL, NULL, b'0', NULL, NULL, 'Yellow', 100, 'S', 76),
	(3340, NULL, NULL, b'0', NULL, NULL, 'Yellow', 100, 'M', 76),
	(3341, NULL, NULL, b'0', NULL, NULL, 'Yellow', 100, 'L', 76),
	(3342, NULL, NULL, b'0', NULL, NULL, 'Yellow', 100, 'XL', 76),
	(3343, NULL, NULL, b'0', NULL, NULL, 'Yellow', 100, 'XXL', 76),
	(3344, NULL, NULL, b'0', NULL, NULL, 'Black', 100, 'S', 76),
	(3345, NULL, NULL, b'0', NULL, NULL, 'Black', 100, 'M', 76),
	(3346, NULL, NULL, b'0', NULL, NULL, 'Black', 100, 'L', 76),
	(3347, NULL, NULL, b'0', NULL, NULL, 'Black', 100, 'XL', 76),
	(3348, NULL, NULL, b'0', NULL, NULL, 'Black', 100, 'XXL', 76),
	(3349, NULL, NULL, b'0', NULL, NULL, 'Red', 100, 'S', 77),
	(3350, NULL, NULL, b'0', NULL, NULL, 'Red', 100, 'M', 77),
	(3351, NULL, NULL, b'0', NULL, NULL, 'Red', 100, 'L', 77),
	(3352, NULL, NULL, b'0', NULL, NULL, 'Red', 100, 'XL', 77),
	(3353, NULL, NULL, b'0', NULL, NULL, 'Red', 100, 'XXL', 77),
	(3354, NULL, NULL, b'0', NULL, NULL, 'Blue', 100, 'S', 77),
	(3355, NULL, NULL, b'0', NULL, NULL, 'Blue', 100, 'M', 77),
	(3356, NULL, NULL, b'0', NULL, NULL, 'Blue', 100, 'L', 77),
	(3357, NULL, NULL, b'0', NULL, NULL, 'Blue', 100, 'XL', 77),
	(3358, NULL, NULL, b'0', NULL, NULL, 'Blue', 100, 'XXL', 77),
	(3359, NULL, NULL, b'0', NULL, NULL, 'Green', 100, 'S', 77),
	(3360, NULL, NULL, b'0', NULL, NULL, 'Green', 100, 'M', 77),
	(3361, NULL, NULL, b'0', NULL, NULL, 'Green', 100, 'L', 77),
	(3362, NULL, NULL, b'0', NULL, NULL, 'Green', 100, 'XL', 77),
	(3363, NULL, NULL, b'0', NULL, NULL, 'Green', 100, 'XXL', 77),
	(3364, NULL, NULL, b'0', NULL, NULL, 'Yellow', 100, 'S', 77),
	(3365, NULL, NULL, b'0', NULL, NULL, 'Yellow', 100, 'M', 77),
	(3366, NULL, NULL, b'0', NULL, NULL, 'Yellow', 100, 'L', 77),
	(3367, NULL, NULL, b'0', NULL, NULL, 'Yellow', 100, 'XL', 77),
	(3368, NULL, NULL, b'0', NULL, NULL, 'Yellow', 100, 'XXL', 77),
	(3369, NULL, NULL, b'0', NULL, NULL, 'Black', 100, 'S', 77),
	(3370, NULL, NULL, b'0', NULL, NULL, 'Black', 100, 'M', 77),
	(3371, NULL, NULL, b'0', NULL, NULL, 'Black', 100, 'L', 77),
	(3372, NULL, NULL, b'0', NULL, NULL, 'Black', 100, 'XL', 77),
	(3373, NULL, NULL, b'0', NULL, NULL, 'Black', 100, 'XXL', 77),
	(3374, NULL, NULL, b'0', NULL, NULL, 'Red', 100, 'S', 78),
	(3375, NULL, NULL, b'0', NULL, NULL, 'Red', 100, 'M', 78),
	(3376, NULL, NULL, b'0', NULL, NULL, 'Red', 100, 'L', 78),
	(3377, NULL, NULL, b'0', NULL, NULL, 'Red', 100, 'XL', 78),
	(3378, NULL, NULL, b'0', NULL, NULL, 'Red', 100, 'XXL', 78),
	(3379, NULL, NULL, b'0', NULL, NULL, 'Blue', 100, 'S', 78),
	(3380, NULL, NULL, b'0', NULL, NULL, 'Blue', 100, 'M', 78),
	(3381, NULL, NULL, b'0', NULL, NULL, 'Blue', 100, 'L', 78),
	(3382, NULL, NULL, b'0', NULL, NULL, 'Blue', 100, 'XL', 78),
	(3383, NULL, NULL, b'0', NULL, NULL, 'Blue', 100, 'XXL', 78),
	(3384, NULL, NULL, b'0', NULL, NULL, 'Green', 100, 'S', 78),
	(3385, NULL, NULL, b'0', NULL, NULL, 'Green', 100, 'M', 78),
	(3386, NULL, NULL, b'0', NULL, NULL, 'Green', 100, 'L', 78),
	(3387, NULL, NULL, b'0', NULL, NULL, 'Green', 100, 'XL', 78),
	(3388, NULL, NULL, b'0', NULL, NULL, 'Green', 100, 'XXL', 78),
	(3389, NULL, NULL, b'0', NULL, NULL, 'Yellow', 100, 'S', 78),
	(3390, NULL, NULL, b'0', NULL, NULL, 'Yellow', 100, 'M', 78),
	(3391, NULL, NULL, b'0', NULL, NULL, 'Yellow', 100, 'L', 78),
	(3392, NULL, NULL, b'0', NULL, NULL, 'Yellow', 100, 'XL', 78),
	(3393, NULL, NULL, b'0', NULL, NULL, 'Yellow', 100, 'XXL', 78),
	(3394, NULL, NULL, b'0', NULL, NULL, 'Black', 100, 'S', 78),
	(3395, NULL, NULL, b'0', NULL, NULL, 'Black', 100, 'M', 78),
	(3396, NULL, NULL, b'0', NULL, NULL, 'Black', 100, 'L', 78),
	(3397, NULL, NULL, b'0', NULL, NULL, 'Black', 100, 'XL', 78),
	(3398, NULL, NULL, b'0', NULL, NULL, 'Black', 100, 'XXL', 78),
	(3399, NULL, NULL, b'0', NULL, NULL, 'Red', 100, 'S', 79),
	(3400, NULL, NULL, b'0', NULL, NULL, 'Red', 100, 'M', 79),
	(3401, NULL, NULL, b'0', NULL, NULL, 'Red', 100, 'L', 79),
	(3402, NULL, NULL, b'0', NULL, NULL, 'Red', 100, 'XL', 79),
	(3403, NULL, NULL, b'0', NULL, NULL, 'Red', 100, 'XXL', 79),
	(3404, NULL, NULL, b'0', NULL, NULL, 'Blue', 100, 'S', 79),
	(3405, NULL, NULL, b'0', NULL, NULL, 'Blue', 100, 'M', 79),
	(3406, NULL, NULL, b'0', NULL, NULL, 'Blue', 100, 'L', 79),
	(3407, NULL, NULL, b'0', NULL, NULL, 'Blue', 100, 'XL', 79),
	(3408, NULL, NULL, b'0', NULL, NULL, 'Blue', 100, 'XXL', 79),
	(3409, NULL, NULL, b'0', NULL, NULL, 'Green', 100, 'S', 79),
	(3410, NULL, NULL, b'0', NULL, NULL, 'Green', 100, 'M', 79),
	(3411, NULL, NULL, b'0', NULL, NULL, 'Green', 100, 'L', 79),
	(3412, NULL, NULL, b'0', NULL, NULL, 'Green', 100, 'XL', 79),
	(3413, NULL, NULL, b'0', NULL, NULL, 'Green', 100, 'XXL', 79),
	(3414, NULL, NULL, b'0', NULL, NULL, 'Yellow', 100, 'S', 79),
	(3415, NULL, NULL, b'0', NULL, NULL, 'Yellow', 100, 'M', 79),
	(3416, NULL, NULL, b'0', NULL, NULL, 'Yellow', 100, 'L', 79),
	(3417, NULL, NULL, b'0', NULL, NULL, 'Yellow', 100, 'XL', 79),
	(3418, NULL, NULL, b'0', NULL, NULL, 'Yellow', 100, 'XXL', 79),
	(3419, NULL, NULL, b'0', NULL, NULL, 'Black', 100, 'S', 79),
	(3420, NULL, NULL, b'0', NULL, NULL, 'Black', 100, 'M', 79),
	(3421, NULL, NULL, b'0', NULL, NULL, 'Black', 100, 'L', 79),
	(3422, NULL, NULL, b'0', NULL, NULL, 'Black', 100, 'XL', 79),
	(3423, NULL, NULL, b'0', NULL, NULL, 'Black', 100, 'XXL', 79),
	(3424, NULL, NULL, b'0', NULL, NULL, 'Red', 100, 'S', 80),
	(3425, NULL, NULL, b'0', NULL, NULL, 'Red', 100, 'M', 80),
	(3426, NULL, NULL, b'0', NULL, NULL, 'Red', 100, 'L', 80),
	(3427, NULL, NULL, b'0', NULL, NULL, 'Red', 100, 'XL', 80),
	(3428, NULL, NULL, b'0', NULL, NULL, 'Red', 100, 'XXL', 80),
	(3429, NULL, NULL, b'0', NULL, NULL, 'Blue', 100, 'S', 80),
	(3430, NULL, NULL, b'0', NULL, NULL, 'Blue', 100, 'M', 80),
	(3431, NULL, NULL, b'0', NULL, NULL, 'Blue', 100, 'L', 80),
	(3432, NULL, NULL, b'0', NULL, NULL, 'Blue', 100, 'XL', 80),
	(3433, NULL, NULL, b'0', NULL, NULL, 'Blue', 100, 'XXL', 80),
	(3434, NULL, NULL, b'0', NULL, NULL, 'Green', 100, 'S', 80),
	(3435, NULL, NULL, b'0', NULL, NULL, 'Green', 100, 'M', 80),
	(3436, NULL, NULL, b'0', NULL, NULL, 'Green', 100, 'L', 80),
	(3437, NULL, NULL, b'0', NULL, NULL, 'Green', 100, 'XL', 80),
	(3438, NULL, NULL, b'0', NULL, NULL, 'Green', 100, 'XXL', 80),
	(3439, NULL, NULL, b'0', NULL, NULL, 'Yellow', 100, 'S', 80),
	(3440, NULL, NULL, b'0', NULL, NULL, 'Yellow', 100, 'M', 80),
	(3441, NULL, NULL, b'0', NULL, NULL, 'Yellow', 100, 'L', 80),
	(3442, NULL, NULL, b'0', NULL, NULL, 'Yellow', 100, 'XL', 80),
	(3443, NULL, NULL, b'0', NULL, NULL, 'Yellow', 100, 'XXL', 80),
	(3444, NULL, NULL, b'0', NULL, NULL, 'Black', 100, 'S', 80),
	(3445, NULL, NULL, b'0', NULL, NULL, 'Black', 100, 'M', 80),
	(3446, NULL, NULL, b'0', NULL, NULL, 'Black', 100, 'L', 80),
	(3447, NULL, NULL, b'0', NULL, NULL, 'Black', 100, 'XL', 80),
	(3448, NULL, NULL, b'0', NULL, NULL, 'Black', 100, 'XXL', 80),
	(3449, NULL, NULL, b'0', NULL, NULL, 'Red', 100, 'S', 81),
	(3450, NULL, NULL, b'0', NULL, NULL, 'Red', 100, 'M', 81),
	(3451, NULL, NULL, b'0', NULL, NULL, 'Red', 100, 'L', 81),
	(3452, NULL, NULL, b'0', NULL, NULL, 'Red', 100, 'XL', 81),
	(3453, NULL, NULL, b'0', NULL, NULL, 'Red', 100, 'XXL', 81),
	(3454, NULL, NULL, b'0', NULL, NULL, 'Blue', 100, 'S', 81),
	(3455, NULL, NULL, b'0', NULL, NULL, 'Blue', 100, 'M', 81),
	(3456, NULL, NULL, b'0', NULL, NULL, 'Blue', 100, 'L', 81),
	(3457, NULL, NULL, b'0', NULL, NULL, 'Blue', 100, 'XL', 81),
	(3458, NULL, NULL, b'0', NULL, NULL, 'Blue', 100, 'XXL', 81),
	(3459, NULL, NULL, b'0', NULL, NULL, 'Green', 100, 'S', 81),
	(3460, NULL, NULL, b'0', NULL, NULL, 'Green', 100, 'M', 81),
	(3461, NULL, NULL, b'0', NULL, NULL, 'Green', 100, 'L', 81),
	(3462, NULL, NULL, b'0', NULL, NULL, 'Green', 100, 'XL', 81),
	(3463, NULL, NULL, b'0', NULL, NULL, 'Green', 100, 'XXL', 81),
	(3464, NULL, NULL, b'0', NULL, NULL, 'Yellow', 100, 'S', 81),
	(3465, NULL, NULL, b'0', NULL, NULL, 'Yellow', 100, 'M', 81),
	(3466, NULL, NULL, b'0', NULL, NULL, 'Yellow', 100, 'L', 81),
	(3467, NULL, NULL, b'0', NULL, NULL, 'Yellow', 100, 'XL', 81),
	(3468, NULL, NULL, b'0', NULL, NULL, 'Yellow', 100, 'XXL', 81),
	(3469, NULL, NULL, b'0', NULL, NULL, 'Black', 100, 'S', 81),
	(3470, NULL, NULL, b'0', NULL, NULL, 'Black', 100, 'M', 81),
	(3471, NULL, NULL, b'0', NULL, NULL, 'Black', 100, 'L', 81),
	(3472, NULL, NULL, b'0', NULL, NULL, 'Black', 100, 'XL', 81),
	(3473, NULL, NULL, b'0', NULL, NULL, 'Black', 100, 'XXL', 81),
	(3474, NULL, NULL, b'0', NULL, NULL, 'Red', 100, 'S', 82),
	(3475, NULL, NULL, b'0', NULL, NULL, 'Red', 100, 'M', 82),
	(3476, NULL, NULL, b'0', NULL, NULL, 'Red', 100, 'L', 82),
	(3477, NULL, NULL, b'0', NULL, NULL, 'Red', 100, 'XL', 82),
	(3478, NULL, NULL, b'0', NULL, NULL, 'Red', 100, 'XXL', 82),
	(3479, NULL, NULL, b'0', NULL, NULL, 'Blue', 100, 'S', 82),
	(3480, NULL, NULL, b'0', NULL, NULL, 'Blue', 100, 'M', 82),
	(3481, NULL, NULL, b'0', NULL, NULL, 'Blue', 100, 'L', 82),
	(3482, NULL, NULL, b'0', NULL, NULL, 'Blue', 100, 'XL', 82),
	(3483, NULL, NULL, b'0', NULL, NULL, 'Blue', 100, 'XXL', 82),
	(3484, NULL, NULL, b'0', NULL, NULL, 'Green', 100, 'S', 82),
	(3485, NULL, NULL, b'0', NULL, NULL, 'Green', 100, 'M', 82),
	(3486, NULL, NULL, b'0', NULL, NULL, 'Green', 100, 'L', 82),
	(3487, NULL, NULL, b'0', NULL, NULL, 'Green', 100, 'XL', 82),
	(3488, NULL, NULL, b'0', NULL, NULL, 'Green', 100, 'XXL', 82),
	(3489, NULL, NULL, b'0', NULL, NULL, 'Yellow', 100, 'S', 82),
	(3490, NULL, NULL, b'0', NULL, NULL, 'Yellow', 100, 'M', 82),
	(3491, NULL, NULL, b'0', NULL, NULL, 'Yellow', 100, 'L', 82),
	(3492, NULL, NULL, b'0', NULL, NULL, 'Yellow', 100, 'XL', 82),
	(3493, NULL, NULL, b'0', NULL, NULL, 'Yellow', 100, 'XXL', 82),
	(3494, NULL, NULL, b'0', NULL, NULL, 'Black', 100, 'S', 82),
	(3495, NULL, NULL, b'0', NULL, NULL, 'Black', 100, 'M', 82),
	(3496, NULL, NULL, b'0', NULL, NULL, 'Black', 100, 'L', 82),
	(3497, NULL, NULL, b'0', NULL, NULL, 'Black', 100, 'XL', 82),
	(3498, NULL, NULL, b'0', NULL, NULL, 'Black', 100, 'XXL', 82),
	(3499, NULL, NULL, b'0', NULL, NULL, 'Red', 100, 'S', 83),
	(3500, NULL, NULL, b'0', NULL, NULL, 'Red', 100, 'M', 83),
	(3501, NULL, NULL, b'0', NULL, NULL, 'Red', 100, 'L', 83),
	(3502, NULL, NULL, b'0', NULL, NULL, 'Red', 100, 'XL', 83),
	(3503, NULL, NULL, b'0', NULL, NULL, 'Red', 100, 'XXL', 83),
	(3504, NULL, NULL, b'0', NULL, NULL, 'Blue', 100, 'S', 83),
	(3505, NULL, NULL, b'0', NULL, NULL, 'Blue', 100, 'M', 83),
	(3506, NULL, NULL, b'0', NULL, NULL, 'Blue', 100, 'L', 83),
	(3507, NULL, NULL, b'0', NULL, NULL, 'Blue', 100, 'XL', 83),
	(3508, NULL, NULL, b'0', NULL, NULL, 'Blue', 100, 'XXL', 83),
	(3509, NULL, NULL, b'0', NULL, NULL, 'Green', 100, 'S', 83),
	(3510, NULL, NULL, b'0', NULL, NULL, 'Green', 100, 'M', 83),
	(3511, NULL, NULL, b'0', NULL, NULL, 'Green', 100, 'L', 83),
	(3512, NULL, NULL, b'0', NULL, NULL, 'Green', 100, 'XL', 83),
	(3513, NULL, NULL, b'0', NULL, NULL, 'Green', 100, 'XXL', 83),
	(3514, NULL, NULL, b'0', NULL, NULL, 'Yellow', 100, 'S', 83),
	(3515, NULL, NULL, b'0', NULL, NULL, 'Yellow', 100, 'M', 83),
	(3516, NULL, NULL, b'0', NULL, NULL, 'Yellow', 100, 'L', 83),
	(3517, NULL, NULL, b'0', NULL, NULL, 'Yellow', 100, 'XL', 83),
	(3518, NULL, NULL, b'0', NULL, NULL, 'Yellow', 100, 'XXL', 83),
	(3519, NULL, NULL, b'0', NULL, NULL, 'Black', 100, 'S', 83),
	(3520, NULL, NULL, b'0', NULL, NULL, 'Black', 100, 'M', 83),
	(3521, NULL, NULL, b'0', NULL, NULL, 'Black', 100, 'L', 83),
	(3522, NULL, NULL, b'0', NULL, NULL, 'Black', 100, 'XL', 83),
	(3523, NULL, NULL, b'0', NULL, NULL, 'Black', 100, 'XXL', 83),
	(3524, NULL, NULL, b'0', NULL, NULL, 'Red', 100, 'S', 84),
	(3525, NULL, NULL, b'0', NULL, NULL, 'Red', 100, 'M', 84),
	(3526, NULL, NULL, b'0', NULL, NULL, 'Red', 100, 'L', 84),
	(3527, NULL, NULL, b'0', NULL, NULL, 'Red', 100, 'XL', 84),
	(3528, NULL, NULL, b'0', NULL, NULL, 'Red', 100, 'XXL', 84),
	(3529, NULL, NULL, b'0', NULL, NULL, 'Blue', 100, 'S', 84),
	(3530, NULL, NULL, b'0', NULL, NULL, 'Blue', 100, 'M', 84),
	(3531, NULL, NULL, b'0', NULL, NULL, 'Blue', 100, 'L', 84),
	(3532, NULL, NULL, b'0', NULL, NULL, 'Blue', 100, 'XL', 84),
	(3533, NULL, NULL, b'0', NULL, NULL, 'Blue', 100, 'XXL', 84),
	(3534, NULL, NULL, b'0', NULL, NULL, 'Green', 100, 'S', 84),
	(3535, NULL, NULL, b'0', NULL, NULL, 'Green', 100, 'M', 84),
	(3536, NULL, NULL, b'0', NULL, NULL, 'Green', 100, 'L', 84),
	(3537, NULL, NULL, b'0', NULL, NULL, 'Green', 100, 'XL', 84),
	(3538, NULL, NULL, b'0', NULL, NULL, 'Green', 100, 'XXL', 84),
	(3539, NULL, NULL, b'0', NULL, NULL, 'Yellow', 100, 'S', 84),
	(3540, NULL, NULL, b'0', NULL, NULL, 'Yellow', 100, 'M', 84),
	(3541, NULL, NULL, b'0', NULL, NULL, 'Yellow', 100, 'L', 84),
	(3542, NULL, NULL, b'0', NULL, NULL, 'Yellow', 100, 'XL', 84),
	(3543, NULL, NULL, b'0', NULL, NULL, 'Yellow', 100, 'XXL', 84),
	(3544, NULL, NULL, b'0', NULL, NULL, 'Black', 100, 'S', 84),
	(3545, NULL, NULL, b'0', NULL, NULL, 'Black', 100, 'M', 84),
	(3546, NULL, NULL, b'0', NULL, NULL, 'Black', 100, 'L', 84),
	(3547, NULL, NULL, b'0', NULL, NULL, 'Black', 100, 'XL', 84),
	(3548, NULL, NULL, b'0', NULL, NULL, 'Black', 100, 'XXL', 84),
	(3549, NULL, NULL, b'0', NULL, NULL, 'Red', 100, 'S', 85),
	(3550, NULL, NULL, b'0', NULL, NULL, 'Red', 100, 'M', 85),
	(3551, NULL, NULL, b'0', NULL, NULL, 'Red', 100, 'L', 85),
	(3552, NULL, NULL, b'0', NULL, NULL, 'Red', 100, 'XL', 85),
	(3553, NULL, NULL, b'0', NULL, NULL, 'Red', 100, 'XXL', 85),
	(3554, NULL, NULL, b'0', NULL, NULL, 'Blue', 100, 'S', 85),
	(3555, NULL, NULL, b'0', NULL, NULL, 'Blue', 100, 'M', 85),
	(3556, NULL, NULL, b'0', NULL, NULL, 'Blue', 100, 'L', 85),
	(3557, NULL, NULL, b'0', NULL, NULL, 'Blue', 100, 'XL', 85),
	(3558, NULL, NULL, b'0', NULL, NULL, 'Blue', 100, 'XXL', 85),
	(3559, NULL, NULL, b'0', NULL, NULL, 'Green', 100, 'S', 85),
	(3560, NULL, NULL, b'0', NULL, NULL, 'Green', 100, 'M', 85),
	(3561, NULL, NULL, b'0', NULL, NULL, 'Green', 100, 'L', 85),
	(3562, NULL, NULL, b'0', NULL, NULL, 'Green', 100, 'XL', 85),
	(3563, NULL, NULL, b'0', NULL, NULL, 'Green', 100, 'XXL', 85),
	(3564, NULL, NULL, b'0', NULL, NULL, 'Yellow', 100, 'S', 85),
	(3565, NULL, NULL, b'0', NULL, NULL, 'Yellow', 100, 'M', 85),
	(3566, NULL, NULL, b'0', NULL, NULL, 'Yellow', 100, 'L', 85),
	(3567, NULL, NULL, b'0', NULL, NULL, 'Yellow', 100, 'XL', 85),
	(3568, NULL, NULL, b'0', NULL, NULL, 'Yellow', 100, 'XXL', 85),
	(3569, NULL, NULL, b'0', NULL, NULL, 'Black', 100, 'S', 85),
	(3570, NULL, NULL, b'0', NULL, NULL, 'Black', 100, 'M', 85),
	(3571, NULL, NULL, b'0', NULL, NULL, 'Black', 100, 'L', 85),
	(3572, NULL, NULL, b'0', NULL, NULL, 'Black', 100, 'XL', 85),
	(3573, NULL, NULL, b'0', NULL, NULL, 'Black', 100, 'XXL', 85),
	(3574, NULL, NULL, b'0', NULL, NULL, 'Red', 100, 'S', 86),
	(3575, NULL, NULL, b'0', NULL, NULL, 'Red', 100, 'M', 86),
	(3576, NULL, NULL, b'0', NULL, NULL, 'Red', 100, 'L', 86),
	(3577, NULL, NULL, b'0', NULL, NULL, 'Red', 100, 'XL', 86),
	(3578, NULL, NULL, b'0', NULL, NULL, 'Red', 100, 'XXL', 86),
	(3579, NULL, NULL, b'0', NULL, NULL, 'Blue', 100, 'S', 86),
	(3580, NULL, NULL, b'0', NULL, NULL, 'Blue', 100, 'M', 86),
	(3581, NULL, NULL, b'0', NULL, NULL, 'Blue', 100, 'L', 86),
	(3582, NULL, NULL, b'0', NULL, NULL, 'Blue', 100, 'XL', 86),
	(3583, NULL, NULL, b'0', NULL, NULL, 'Blue', 100, 'XXL', 86),
	(3584, NULL, NULL, b'0', NULL, NULL, 'Green', 100, 'S', 86),
	(3585, NULL, NULL, b'0', NULL, NULL, 'Green', 100, 'M', 86),
	(3586, NULL, NULL, b'0', NULL, NULL, 'Green', 100, 'L', 86),
	(3587, NULL, NULL, b'0', NULL, NULL, 'Green', 100, 'XL', 86),
	(3588, NULL, NULL, b'0', NULL, NULL, 'Green', 100, 'XXL', 86),
	(3589, NULL, NULL, b'0', NULL, NULL, 'Yellow', 100, 'S', 86),
	(3590, NULL, NULL, b'0', NULL, NULL, 'Yellow', 100, 'M', 86),
	(3591, NULL, NULL, b'0', NULL, NULL, 'Yellow', 100, 'L', 86),
	(3592, NULL, NULL, b'0', NULL, NULL, 'Yellow', 100, 'XL', 86),
	(3593, NULL, NULL, b'0', NULL, NULL, 'Yellow', 100, 'XXL', 86),
	(3594, NULL, NULL, b'0', NULL, NULL, 'Black', 100, 'S', 86),
	(3595, NULL, NULL, b'0', NULL, NULL, 'Black', 100, 'M', 86),
	(3596, NULL, NULL, b'0', NULL, NULL, 'Black', 100, 'L', 86),
	(3597, NULL, NULL, b'0', NULL, NULL, 'Black', 100, 'XL', 86),
	(3598, NULL, NULL, b'0', NULL, NULL, 'Black', 100, 'XXL', 86),
	(3599, NULL, NULL, b'0', NULL, NULL, 'Red', 100, 'S', 87),
	(3600, NULL, NULL, b'0', NULL, NULL, 'Red', 100, 'M', 87),
	(3601, NULL, NULL, b'0', NULL, NULL, 'Red', 100, 'L', 87),
	(3602, NULL, NULL, b'0', NULL, NULL, 'Red', 100, 'XL', 87),
	(3603, NULL, NULL, b'0', NULL, NULL, 'Red', 100, 'XXL', 87),
	(3604, NULL, NULL, b'0', NULL, NULL, 'Blue', 100, 'S', 87),
	(3605, NULL, NULL, b'0', NULL, NULL, 'Blue', 100, 'M', 87),
	(3606, NULL, NULL, b'0', NULL, NULL, 'Blue', 100, 'L', 87),
	(3607, NULL, NULL, b'0', NULL, NULL, 'Blue', 100, 'XL', 87),
	(3608, NULL, NULL, b'0', NULL, NULL, 'Blue', 100, 'XXL', 87),
	(3609, NULL, NULL, b'0', NULL, NULL, 'Green', 100, 'S', 87),
	(3610, NULL, NULL, b'0', NULL, NULL, 'Green', 100, 'M', 87),
	(3611, NULL, NULL, b'0', NULL, NULL, 'Green', 100, 'L', 87),
	(3612, NULL, NULL, b'0', NULL, NULL, 'Green', 100, 'XL', 87),
	(3613, NULL, NULL, b'0', NULL, NULL, 'Green', 100, 'XXL', 87),
	(3614, NULL, NULL, b'0', NULL, NULL, 'Yellow', 100, 'S', 87),
	(3615, NULL, NULL, b'0', NULL, NULL, 'Yellow', 100, 'M', 87),
	(3616, NULL, NULL, b'0', NULL, NULL, 'Yellow', 100, 'L', 87),
	(3617, NULL, NULL, b'0', NULL, NULL, 'Yellow', 100, 'XL', 87),
	(3618, NULL, NULL, b'0', NULL, NULL, 'Yellow', 100, 'XXL', 87),
	(3619, NULL, NULL, b'0', NULL, NULL, 'Black', 100, 'S', 87),
	(3620, NULL, NULL, b'0', NULL, NULL, 'Black', 100, 'M', 87),
	(3621, NULL, NULL, b'0', NULL, NULL, 'Black', 100, 'L', 87),
	(3622, NULL, NULL, b'0', NULL, NULL, 'Black', 100, 'XL', 87),
	(3623, NULL, NULL, b'0', NULL, NULL, 'Black', 100, 'XXL', 87),
	(3624, NULL, NULL, b'0', NULL, NULL, 'Red', 100, 'S', 88),
	(3625, NULL, NULL, b'0', NULL, NULL, 'Red', 100, 'M', 88),
	(3626, NULL, NULL, b'0', NULL, NULL, 'Red', 100, 'L', 88),
	(3627, NULL, NULL, b'0', NULL, NULL, 'Red', 100, 'XL', 88),
	(3628, NULL, NULL, b'0', NULL, NULL, 'Red', 100, 'XXL', 88),
	(3629, NULL, NULL, b'0', NULL, NULL, 'Blue', 100, 'S', 88),
	(3630, NULL, NULL, b'0', NULL, NULL, 'Blue', 100, 'M', 88),
	(3631, NULL, NULL, b'0', NULL, NULL, 'Blue', 100, 'L', 88),
	(3632, NULL, NULL, b'0', NULL, NULL, 'Blue', 100, 'XL', 88),
	(3633, NULL, NULL, b'0', NULL, NULL, 'Blue', 100, 'XXL', 88),
	(3634, NULL, NULL, b'0', NULL, NULL, 'Green', 100, 'S', 88),
	(3635, NULL, NULL, b'0', NULL, NULL, 'Green', 100, 'M', 88),
	(3636, NULL, NULL, b'0', NULL, NULL, 'Green', 100, 'L', 88),
	(3637, NULL, NULL, b'0', NULL, NULL, 'Green', 100, 'XL', 88),
	(3638, NULL, NULL, b'0', NULL, NULL, 'Green', 100, 'XXL', 88),
	(3639, NULL, NULL, b'0', NULL, NULL, 'Yellow', 100, 'S', 88),
	(3640, NULL, NULL, b'0', NULL, NULL, 'Yellow', 100, 'M', 88),
	(3641, NULL, NULL, b'0', NULL, NULL, 'Yellow', 100, 'L', 88),
	(3642, NULL, NULL, b'0', NULL, NULL, 'Yellow', 100, 'XL', 88),
	(3643, NULL, NULL, b'0', NULL, NULL, 'Yellow', 100, 'XXL', 88),
	(3644, NULL, NULL, b'0', NULL, NULL, 'Black', 100, 'S', 88),
	(3645, NULL, NULL, b'0', NULL, NULL, 'Black', 100, 'M', 88),
	(3646, NULL, NULL, b'0', NULL, NULL, 'Black', 100, 'L', 88),
	(3647, NULL, NULL, b'0', NULL, NULL, 'Black', 100, 'XL', 88),
	(3648, NULL, NULL, b'0', NULL, NULL, 'Black', 100, 'XXL', 88),
	(3649, NULL, NULL, b'0', NULL, NULL, 'Red', 100, 'S', 89),
	(3650, NULL, NULL, b'0', NULL, NULL, 'Red', 100, 'M', 89),
	(3651, NULL, NULL, b'0', NULL, NULL, 'Red', 100, 'L', 89),
	(3652, NULL, NULL, b'0', NULL, NULL, 'Red', 100, 'XL', 89),
	(3653, NULL, NULL, b'0', NULL, NULL, 'Red', 100, 'XXL', 89),
	(3654, NULL, NULL, b'0', NULL, NULL, 'Blue', 100, 'S', 89),
	(3655, NULL, NULL, b'0', NULL, NULL, 'Blue', 100, 'M', 89),
	(3656, NULL, NULL, b'0', NULL, NULL, 'Blue', 100, 'L', 89),
	(3657, NULL, NULL, b'0', NULL, NULL, 'Blue', 100, 'XL', 89),
	(3658, NULL, NULL, b'0', NULL, NULL, 'Blue', 100, 'XXL', 89),
	(3659, NULL, NULL, b'0', NULL, NULL, 'Green', 100, 'S', 89),
	(3660, NULL, NULL, b'0', NULL, NULL, 'Green', 100, 'M', 89),
	(3661, NULL, NULL, b'0', NULL, NULL, 'Green', 100, 'L', 89),
	(3662, NULL, NULL, b'0', NULL, NULL, 'Green', 100, 'XL', 89),
	(3663, NULL, NULL, b'0', NULL, NULL, 'Green', 100, 'XXL', 89),
	(3664, NULL, NULL, b'0', NULL, NULL, 'Yellow', 100, 'S', 89),
	(3665, NULL, NULL, b'0', NULL, NULL, 'Yellow', 100, 'M', 89),
	(3666, NULL, NULL, b'0', NULL, NULL, 'Yellow', 100, 'L', 89),
	(3667, NULL, NULL, b'0', NULL, NULL, 'Yellow', 100, 'XL', 89),
	(3668, NULL, NULL, b'0', NULL, NULL, 'Yellow', 100, 'XXL', 89),
	(3669, NULL, NULL, b'0', NULL, NULL, 'Black', 100, 'S', 89),
	(3670, NULL, NULL, b'0', NULL, NULL, 'Black', 100, 'M', 89),
	(3671, NULL, NULL, b'0', NULL, NULL, 'Black', 100, 'L', 89),
	(3672, NULL, NULL, b'0', NULL, NULL, 'Black', 100, 'XL', 89),
	(3673, NULL, NULL, b'0', NULL, NULL, 'Black', 100, 'XXL', 89),
	(3674, NULL, NULL, b'0', NULL, NULL, 'Red', 100, 'S', 90),
	(3675, NULL, NULL, b'0', NULL, NULL, 'Red', 100, 'M', 90),
	(3676, NULL, NULL, b'0', NULL, NULL, 'Red', 100, 'L', 90),
	(3677, NULL, NULL, b'0', NULL, NULL, 'Red', 100, 'XL', 90),
	(3678, NULL, NULL, b'0', NULL, NULL, 'Red', 100, 'XXL', 90),
	(3679, NULL, NULL, b'0', NULL, NULL, 'Blue', 100, 'S', 90),
	(3680, NULL, NULL, b'0', NULL, NULL, 'Blue', 100, 'M', 90),
	(3681, NULL, NULL, b'0', NULL, NULL, 'Blue', 100, 'L', 90),
	(3682, NULL, NULL, b'0', NULL, NULL, 'Blue', 100, 'XL', 90),
	(3683, NULL, NULL, b'0', NULL, NULL, 'Blue', 100, 'XXL', 90),
	(3684, NULL, NULL, b'0', NULL, NULL, 'Green', 100, 'S', 90),
	(3685, NULL, NULL, b'0', NULL, NULL, 'Green', 100, 'M', 90),
	(3686, NULL, NULL, b'0', NULL, NULL, 'Green', 100, 'L', 90),
	(3687, NULL, NULL, b'0', NULL, NULL, 'Green', 100, 'XL', 90),
	(3688, NULL, NULL, b'0', NULL, NULL, 'Green', 100, 'XXL', 90),
	(3689, NULL, NULL, b'0', NULL, NULL, 'Yellow', 100, 'S', 90),
	(3690, NULL, NULL, b'0', NULL, NULL, 'Yellow', 100, 'M', 90),
	(3691, NULL, NULL, b'0', NULL, NULL, 'Yellow', 100, 'L', 90),
	(3692, NULL, NULL, b'0', NULL, NULL, 'Yellow', 100, 'XL', 90),
	(3693, NULL, NULL, b'0', NULL, NULL, 'Yellow', 100, 'XXL', 90),
	(3694, NULL, NULL, b'0', NULL, NULL, 'Black', 100, 'S', 90),
	(3695, NULL, NULL, b'0', NULL, NULL, 'Black', 100, 'M', 90),
	(3696, NULL, NULL, b'0', NULL, NULL, 'Black', 100, 'L', 90),
	(3697, NULL, NULL, b'0', NULL, NULL, 'Black', 100, 'XL', 90),
	(3698, NULL, NULL, b'0', NULL, NULL, 'Black', 100, 'XXL', 90),
	(3699, NULL, NULL, b'0', NULL, NULL, 'Red', 100, 'S', 91),
	(3700, NULL, NULL, b'0', NULL, NULL, 'Red', 100, 'M', 91),
	(3701, NULL, NULL, b'0', NULL, NULL, 'Red', 100, 'L', 91),
	(3702, NULL, NULL, b'0', NULL, NULL, 'Red', 100, 'XL', 91),
	(3703, NULL, NULL, b'0', NULL, NULL, 'Red', 100, 'XXL', 91),
	(3704, NULL, NULL, b'0', NULL, NULL, 'Blue', 100, 'S', 91),
	(3705, NULL, NULL, b'0', NULL, NULL, 'Blue', 100, 'M', 91),
	(3706, NULL, NULL, b'0', NULL, NULL, 'Blue', 100, 'L', 91),
	(3707, NULL, NULL, b'0', NULL, NULL, 'Blue', 100, 'XL', 91),
	(3708, NULL, NULL, b'0', NULL, NULL, 'Blue', 100, 'XXL', 91),
	(3709, NULL, NULL, b'0', NULL, NULL, 'Green', 100, 'S', 91),
	(3710, NULL, NULL, b'0', NULL, NULL, 'Green', 100, 'M', 91),
	(3711, NULL, NULL, b'0', NULL, NULL, 'Green', 100, 'L', 91),
	(3712, NULL, NULL, b'0', NULL, NULL, 'Green', 100, 'XL', 91),
	(3713, NULL, NULL, b'0', NULL, NULL, 'Green', 100, 'XXL', 91),
	(3714, NULL, NULL, b'0', NULL, NULL, 'Yellow', 100, 'S', 91),
	(3715, NULL, NULL, b'0', NULL, NULL, 'Yellow', 100, 'M', 91),
	(3716, NULL, NULL, b'0', NULL, NULL, 'Yellow', 100, 'L', 91),
	(3717, NULL, NULL, b'0', NULL, NULL, 'Yellow', 100, 'XL', 91),
	(3718, NULL, NULL, b'0', NULL, NULL, 'Yellow', 100, 'XXL', 91),
	(3719, NULL, NULL, b'0', NULL, NULL, 'Black', 100, 'S', 91),
	(3720, NULL, NULL, b'0', NULL, NULL, 'Black', 100, 'M', 91),
	(3721, NULL, NULL, b'0', NULL, NULL, 'Black', 100, 'L', 91),
	(3722, NULL, NULL, b'0', NULL, NULL, 'Black', 100, 'XL', 91),
	(3723, NULL, NULL, b'0', NULL, NULL, 'Black', 100, 'XXL', 91),
	(3724, NULL, NULL, b'0', NULL, NULL, 'Red', 100, 'S', 92),
	(3725, NULL, NULL, b'0', NULL, NULL, 'Red', 100, 'M', 92),
	(3726, NULL, NULL, b'0', NULL, NULL, 'Red', 100, 'L', 92),
	(3727, NULL, NULL, b'0', NULL, NULL, 'Red', 100, 'XL', 92),
	(3728, NULL, NULL, b'0', NULL, NULL, 'Red', 100, 'XXL', 92),
	(3729, NULL, NULL, b'0', NULL, NULL, 'Blue', 100, 'S', 92),
	(3730, NULL, NULL, b'0', NULL, NULL, 'Blue', 100, 'M', 92),
	(3731, NULL, NULL, b'0', NULL, NULL, 'Blue', 100, 'L', 92),
	(3732, NULL, NULL, b'0', NULL, NULL, 'Blue', 100, 'XL', 92),
	(3733, NULL, NULL, b'0', NULL, NULL, 'Blue', 100, 'XXL', 92),
	(3734, NULL, NULL, b'0', NULL, NULL, 'Green', 100, 'S', 92),
	(3735, NULL, NULL, b'0', NULL, NULL, 'Green', 100, 'M', 92),
	(3736, NULL, NULL, b'0', NULL, NULL, 'Green', 100, 'L', 92),
	(3737, NULL, NULL, b'0', NULL, NULL, 'Green', 100, 'XL', 92),
	(3738, NULL, NULL, b'0', NULL, NULL, 'Green', 100, 'XXL', 92),
	(3739, NULL, NULL, b'0', NULL, NULL, 'Yellow', 100, 'S', 92),
	(3740, NULL, NULL, b'0', NULL, NULL, 'Yellow', 100, 'M', 92),
	(3741, NULL, NULL, b'0', NULL, NULL, 'Yellow', 100, 'L', 92),
	(3742, NULL, NULL, b'0', NULL, NULL, 'Yellow', 100, 'XL', 92),
	(3743, NULL, NULL, b'0', NULL, NULL, 'Yellow', 100, 'XXL', 92),
	(3744, NULL, NULL, b'0', NULL, NULL, 'Black', 100, 'S', 92),
	(3745, NULL, NULL, b'0', NULL, NULL, 'Black', 100, 'M', 92),
	(3746, NULL, NULL, b'0', NULL, NULL, 'Black', 100, 'L', 92),
	(3747, NULL, NULL, b'0', NULL, NULL, 'Black', 100, 'XL', 92),
	(3748, NULL, NULL, b'0', NULL, NULL, 'Black', 100, 'XXL', 92),
	(3749, NULL, NULL, b'0', NULL, NULL, 'Red', 100, 'S', 93),
	(3750, NULL, NULL, b'0', NULL, NULL, 'Red', 100, 'M', 93),
	(3751, NULL, NULL, b'0', NULL, NULL, 'Red', 100, 'L', 93),
	(3752, NULL, NULL, b'0', NULL, NULL, 'Red', 100, 'XL', 93),
	(3753, NULL, NULL, b'0', NULL, NULL, 'Red', 100, 'XXL', 93),
	(3754, NULL, NULL, b'0', NULL, NULL, 'Blue', 100, 'S', 93),
	(3755, NULL, NULL, b'0', NULL, NULL, 'Blue', 100, 'M', 93),
	(3756, NULL, NULL, b'0', NULL, NULL, 'Blue', 100, 'L', 93),
	(3757, NULL, NULL, b'0', NULL, NULL, 'Blue', 100, 'XL', 93),
	(3758, NULL, NULL, b'0', NULL, NULL, 'Blue', 100, 'XXL', 93),
	(3759, NULL, NULL, b'0', NULL, NULL, 'Green', 100, 'S', 93),
	(3760, NULL, NULL, b'0', NULL, NULL, 'Green', 100, 'M', 93),
	(3761, NULL, NULL, b'0', NULL, NULL, 'Green', 100, 'L', 93),
	(3762, NULL, NULL, b'0', NULL, NULL, 'Green', 100, 'XL', 93),
	(3763, NULL, NULL, b'0', NULL, NULL, 'Green', 100, 'XXL', 93),
	(3764, NULL, NULL, b'0', NULL, NULL, 'Yellow', 100, 'S', 93),
	(3765, NULL, NULL, b'0', NULL, NULL, 'Yellow', 100, 'M', 93),
	(3766, NULL, NULL, b'0', NULL, NULL, 'Yellow', 100, 'L', 93),
	(3767, NULL, NULL, b'0', NULL, NULL, 'Yellow', 100, 'XL', 93),
	(3768, NULL, NULL, b'0', NULL, NULL, 'Yellow', 100, 'XXL', 93),
	(3769, NULL, NULL, b'0', NULL, NULL, 'Black', 100, 'S', 93),
	(3770, NULL, NULL, b'0', NULL, NULL, 'Black', 100, 'M', 93),
	(3771, NULL, NULL, b'0', NULL, NULL, 'Black', 100, 'L', 93),
	(3772, NULL, NULL, b'0', NULL, NULL, 'Black', 100, 'XL', 93),
	(3773, NULL, NULL, b'0', NULL, NULL, 'Black', 100, 'XXL', 93),
	(3774, NULL, NULL, b'0', NULL, NULL, 'Red', 100, 'S', 94),
	(3775, NULL, NULL, b'0', NULL, NULL, 'Red', 100, 'M', 94),
	(3776, NULL, NULL, b'0', NULL, NULL, 'Red', 100, 'L', 94),
	(3777, NULL, NULL, b'0', NULL, NULL, 'Red', 100, 'XL', 94),
	(3778, NULL, NULL, b'0', NULL, NULL, 'Red', 100, 'XXL', 94),
	(3779, NULL, NULL, b'0', NULL, NULL, 'Blue', 100, 'S', 94),
	(3780, NULL, NULL, b'0', NULL, NULL, 'Blue', 100, 'M', 94),
	(3781, NULL, NULL, b'0', NULL, NULL, 'Blue', 100, 'L', 94),
	(3782, NULL, NULL, b'0', NULL, NULL, 'Blue', 100, 'XL', 94),
	(3783, NULL, NULL, b'0', NULL, NULL, 'Blue', 100, 'XXL', 94),
	(3784, NULL, NULL, b'0', NULL, NULL, 'Green', 100, 'S', 94),
	(3785, NULL, NULL, b'0', NULL, NULL, 'Green', 100, 'M', 94),
	(3786, NULL, NULL, b'0', NULL, NULL, 'Green', 100, 'L', 94),
	(3787, NULL, NULL, b'0', NULL, NULL, 'Green', 100, 'XL', 94),
	(3788, NULL, NULL, b'0', NULL, NULL, 'Green', 100, 'XXL', 94),
	(3789, NULL, NULL, b'0', NULL, NULL, 'Yellow', 100, 'S', 94),
	(3790, NULL, NULL, b'0', NULL, NULL, 'Yellow', 100, 'M', 94),
	(3791, NULL, NULL, b'0', NULL, NULL, 'Yellow', 100, 'L', 94),
	(3792, NULL, NULL, b'0', NULL, NULL, 'Yellow', 100, 'XL', 94),
	(3793, NULL, NULL, b'0', NULL, NULL, 'Yellow', 100, 'XXL', 94),
	(3794, NULL, NULL, b'0', NULL, NULL, 'Black', 100, 'S', 94),
	(3795, NULL, NULL, b'0', NULL, NULL, 'Black', 100, 'M', 94),
	(3796, NULL, NULL, b'0', NULL, NULL, 'Black', 100, 'L', 94),
	(3797, NULL, NULL, b'0', NULL, NULL, 'Black', 100, 'XL', 94),
	(3798, NULL, NULL, b'0', NULL, NULL, 'Black', 100, 'XXL', 94),
	(3799, NULL, NULL, b'0', NULL, NULL, 'Red', 100, 'S', 95),
	(3800, NULL, NULL, b'0', NULL, NULL, 'Red', 100, 'M', 95),
	(3801, NULL, NULL, b'0', NULL, NULL, 'Red', 100, 'L', 95),
	(3802, NULL, NULL, b'0', NULL, NULL, 'Red', 100, 'XL', 95),
	(3803, NULL, NULL, b'0', NULL, NULL, 'Red', 100, 'XXL', 95),
	(3804, NULL, NULL, b'0', NULL, NULL, 'Blue', 100, 'S', 95),
	(3805, NULL, NULL, b'0', NULL, NULL, 'Blue', 100, 'M', 95),
	(3806, NULL, NULL, b'0', NULL, NULL, 'Blue', 100, 'L', 95),
	(3807, NULL, NULL, b'0', NULL, NULL, 'Blue', 100, 'XL', 95),
	(3808, NULL, NULL, b'0', NULL, NULL, 'Blue', 100, 'XXL', 95),
	(3809, NULL, NULL, b'0', NULL, NULL, 'Green', 100, 'S', 95),
	(3810, NULL, NULL, b'0', NULL, NULL, 'Green', 100, 'M', 95),
	(3811, NULL, NULL, b'0', NULL, NULL, 'Green', 100, 'L', 95),
	(3812, NULL, NULL, b'0', NULL, NULL, 'Green', 100, 'XL', 95),
	(3813, NULL, NULL, b'0', NULL, NULL, 'Green', 100, 'XXL', 95),
	(3814, NULL, NULL, b'0', NULL, NULL, 'Yellow', 100, 'S', 95),
	(3815, NULL, NULL, b'0', NULL, NULL, 'Yellow', 100, 'M', 95),
	(3816, NULL, NULL, b'0', NULL, NULL, 'Yellow', 100, 'L', 95),
	(3817, NULL, NULL, b'0', NULL, NULL, 'Yellow', 100, 'XL', 95),
	(3818, NULL, NULL, b'0', NULL, NULL, 'Yellow', 100, 'XXL', 95),
	(3819, NULL, NULL, b'0', NULL, NULL, 'Black', 100, 'S', 95),
	(3820, NULL, NULL, b'0', NULL, NULL, 'Black', 100, 'M', 95),
	(3821, NULL, NULL, b'0', NULL, NULL, 'Black', 100, 'L', 95),
	(3822, NULL, NULL, b'0', NULL, NULL, 'Black', 100, 'XL', 95),
	(3823, NULL, NULL, b'0', NULL, NULL, 'Black', 100, 'XXL', 95),
	(3824, NULL, NULL, b'0', NULL, NULL, 'Red', 100, 'S', 96),
	(3825, NULL, NULL, b'0', NULL, NULL, 'Red', 100, 'M', 96),
	(3826, NULL, NULL, b'0', NULL, NULL, 'Red', 100, 'L', 96),
	(3827, NULL, NULL, b'0', NULL, NULL, 'Red', 100, 'XL', 96),
	(3828, NULL, NULL, b'0', NULL, NULL, 'Red', 100, 'XXL', 96),
	(3829, NULL, NULL, b'0', NULL, NULL, 'Blue', 100, 'S', 96),
	(3830, NULL, NULL, b'0', NULL, NULL, 'Blue', 100, 'M', 96),
	(3831, NULL, NULL, b'0', NULL, NULL, 'Blue', 100, 'L', 96),
	(3832, NULL, NULL, b'0', NULL, NULL, 'Blue', 100, 'XL', 96),
	(3833, NULL, NULL, b'0', NULL, NULL, 'Blue', 100, 'XXL', 96),
	(3834, NULL, NULL, b'0', NULL, NULL, 'Green', 100, 'S', 96),
	(3835, NULL, NULL, b'0', NULL, NULL, 'Green', 100, 'M', 96),
	(3836, NULL, NULL, b'0', NULL, NULL, 'Green', 100, 'L', 96),
	(3837, NULL, NULL, b'0', NULL, NULL, 'Green', 100, 'XL', 96),
	(3838, NULL, NULL, b'0', NULL, NULL, 'Green', 100, 'XXL', 96),
	(3839, NULL, NULL, b'0', NULL, NULL, 'Yellow', 100, 'S', 96),
	(3840, NULL, NULL, b'0', NULL, NULL, 'Yellow', 100, 'M', 96),
	(3841, NULL, NULL, b'0', NULL, NULL, 'Yellow', 100, 'L', 96),
	(3842, NULL, NULL, b'0', NULL, NULL, 'Yellow', 100, 'XL', 96),
	(3843, NULL, NULL, b'0', NULL, NULL, 'Yellow', 100, 'XXL', 96),
	(3844, NULL, NULL, b'0', NULL, NULL, 'Black', 100, 'S', 96),
	(3845, NULL, NULL, b'0', NULL, NULL, 'Black', 100, 'M', 96),
	(3846, NULL, NULL, b'0', NULL, NULL, 'Black', 100, 'L', 96),
	(3847, NULL, NULL, b'0', NULL, NULL, 'Black', 100, 'XL', 96),
	(3848, NULL, NULL, b'0', NULL, NULL, 'Black', 100, 'XXL', 96),
	(3849, '2024-11-22 16:19:35.600697', NULL, b'0', '2024-11-22 16:40:31.740430', NULL, '#382323', 1, 'XL', 18);

-- Dumping structure for table wearItnow.product_prices
CREATE TABLE IF NOT EXISTS `product_prices` (
  `id` bigint NOT NULL AUTO_INCREMENT,
  `created_at` datetime(6) DEFAULT NULL,
  `created_by` varchar(255) DEFAULT NULL,
  `deleted` bit(1) NOT NULL,
  `updated_at` datetime(6) DEFAULT NULL,
  `updated_by` varchar(255) DEFAULT NULL,
  `price_value` double NOT NULL,
  `price_id` bigint NOT NULL,
  `product_id` bigint NOT NULL,
  PRIMARY KEY (`id`),
  KEY `FK30175afwi2hs6x7xa5rtxpv9c` (`price_id`),
  KEY `FKo21ew0lemtpkoyly3vm1mq925` (`product_id`),
  CONSTRAINT `FK30175afwi2hs6x7xa5rtxpv9c` FOREIGN KEY (`price_id`) REFERENCES `prices` (`id`),
  CONSTRAINT `FKo21ew0lemtpkoyly3vm1mq925` FOREIGN KEY (`product_id`) REFERENCES `products` (`product_id`)
) ENGINE=InnoDB AUTO_INCREMENT=3 DEFAULT CHARSET=utf8mb4 COLLATE=utf8mb4_0900_ai_ci;

-- Dumping data for table wearItnow.product_prices: ~2 rows (approximately)
DELETE FROM `product_prices`;
INSERT INTO `product_prices` (`id`, `created_at`, `created_by`, `deleted`, `updated_at`, `updated_by`, `price_value`, `price_id`, `product_id`) VALUES
	(1, '2024-11-17 14:31:29.321938', NULL, b'0', '2024-11-17 14:58:38.157020', NULL, 200000, 1, 1),
	(2, '2024-11-21 17:29:32.970633', NULL, b'0', '2024-11-21 17:31:01.255668', NULL, 300000, 2, 1);

-- Dumping structure for table wearItnow.roles
CREATE TABLE IF NOT EXISTS `roles` (
  `name` varchar(255) NOT NULL,
  `created_at` datetime(6) DEFAULT NULL,
  `created_by` varchar(255) DEFAULT NULL,
  `deleted` bit(1) NOT NULL,
  `updated_at` datetime(6) DEFAULT NULL,
  `updated_by` varchar(255) DEFAULT NULL,
  `description` varchar(255) DEFAULT NULL,
  PRIMARY KEY (`name`)
) ENGINE=InnoDB DEFAULT CHARSET=utf8mb4 COLLATE=utf8mb4_0900_ai_ci;

-- Dumping data for table wearItnow.roles: ~3 rows (approximately)
DELETE FROM `roles`;
INSERT INTO `roles` (`name`, `created_at`, `created_by`, `deleted`, `updated_at`, `updated_by`, `description`) VALUES
	('CUSTOMER', NULL, NULL, b'0', NULL, NULL, NULL),
	('DIRECTOR', '2024-11-04 15:50:15.983114', NULL, b'0', '2024-11-04 15:50:15.983114', NULL, NULL),
	('STAFF', NULL, NULL, b'0', NULL, NULL, NULL);

-- Dumping structure for table wearItnow.roles_permissions
CREATE TABLE IF NOT EXISTS `roles_permissions` (
  `role_name` varchar(255) NOT NULL,
  `permissions_name` varchar(255) NOT NULL,
  PRIMARY KEY (`role_name`,`permissions_name`),
  KEY `FK9u1xpvjxbdnkca024o6fyr7uu` (`permissions_name`),
  CONSTRAINT `FK6nw4jrj1tuu04j9rk7xwfssd6` FOREIGN KEY (`role_name`) REFERENCES `roles` (`name`),
  CONSTRAINT `FK9u1xpvjxbdnkca024o6fyr7uu` FOREIGN KEY (`permissions_name`) REFERENCES `permissions` (`name`)
) ENGINE=InnoDB DEFAULT CHARSET=utf8mb4 COLLATE=utf8mb4_0900_ai_ci;

-- Dumping data for table wearItnow.roles_permissions: ~0 rows (approximately)
DELETE FROM `roles_permissions`;

-- Dumping structure for table wearItnow.shippings
CREATE TABLE IF NOT EXISTS `shippings` (
  `shipping_id` bigint NOT NULL AUTO_INCREMENT,
  `created_at` datetime(6) DEFAULT NULL,
  `created_by` varchar(255) DEFAULT NULL,
  `deleted` bit(1) NOT NULL,
  `updated_at` datetime(6) DEFAULT NULL,
  `updated_by` varchar(255) DEFAULT NULL,
  `shipping_status` varchar(255) DEFAULT NULL,
  `tracking_number` varchar(255) DEFAULT NULL,
  `order_id` bigint DEFAULT NULL,
  `user_id` bigint DEFAULT NULL,
  PRIMARY KEY (`shipping_id`),
  KEY `FK8bxet17ivvhhma7tid6k0gr8o` (`order_id`),
  KEY `FK51qxi5of87oedg32evvehxr8x` (`user_id`),
  CONSTRAINT `FK51qxi5of87oedg32evvehxr8x` FOREIGN KEY (`user_id`) REFERENCES `users` (`user_id`),
  CONSTRAINT `FK8bxet17ivvhhma7tid6k0gr8o` FOREIGN KEY (`order_id`) REFERENCES `orders` (`order_id`)
) ENGINE=InnoDB DEFAULT CHARSET=utf8mb4 COLLATE=utf8mb4_0900_ai_ci;

-- Dumping data for table wearItnow.shippings: ~0 rows (approximately)
DELETE FROM `shippings`;

-- Dumping structure for table wearItnow.suppliers
CREATE TABLE IF NOT EXISTS `suppliers` (
  `supplier_id` bigint NOT NULL AUTO_INCREMENT,
  `created_at` datetime(6) DEFAULT NULL,
  `created_by` varchar(255) DEFAULT NULL,
  `deleted` bit(1) NOT NULL,
  `updated_at` datetime(6) DEFAULT NULL,
  `updated_by` varchar(255) DEFAULT NULL,
  `contact_person` varchar(255) DEFAULT NULL,
  `description` varchar(255) DEFAULT NULL,
  `email` varchar(255) DEFAULT NULL,
  `name` varchar(255) DEFAULT NULL,
  `phone` varchar(255) DEFAULT NULL,
  `tax_code` varchar(255) DEFAULT NULL,
  `website` varchar(255) DEFAULT NULL,
  PRIMARY KEY (`supplier_id`)
) ENGINE=InnoDB AUTO_INCREMENT=13 DEFAULT CHARSET=utf8mb4 COLLATE=utf8mb4_0900_ai_ci;

-- Dumping data for table wearItnow.suppliers: ~12 rows (approximately)
DELETE FROM `suppliers`;
INSERT INTO `suppliers` (`supplier_id`, `created_at`, `created_by`, `deleted`, `updated_at`, `updated_by`, `contact_person`, `description`, `email`, `name`, `phone`, `tax_code`, `website`) VALUES
	(1, '2024-11-05 10:00:00.000000', 'admin', b'1', '2024-11-15 17:49:14.095593', NULL, 'Anh Tay', 'Kho miền Tay', 'john.doe@example.com', 'Supplie', '+1234567890', '123456789', 'https://example.com'),
	(2, '2024-11-09 17:14:26.738463', NULL, b'1', '2024-11-09 17:14:26.738463', NULL, 'Anh Đức', 'Kho miền Bắc', 'mienbac@gmail.com', 'Supplier Name', '+1234567890', '123456789', 'https://example.com'),
	(3, '2024-11-09 17:17:51.661456', NULL, b'1', '2024-11-09 17:17:51.661456', NULL, 'Anh Nam', 'Kho miền Nam', 'mienbac@gmail.com', 'Supplier Name', '+1234567890', '123456789', 'https://example.com'),
	(4, '2024-11-15 17:39:21.437649', NULL, b'0', '2024-11-15 18:29:56.380055', NULL, NULL, 'Kho miền đông', 'an123@gmail.com', 'Hoàng An Store', '0987867587', '345677', NULL),
	(5, '2024-11-15 17:48:48.393122', NULL, b'1', '2024-11-15 17:48:48.393162', NULL, NULL, NULL, 'quan123@gmail.com', 'Bình Quân xilip', '098678987', '12345698', NULL),
	(6, '2024-11-15 18:03:19.340137', NULL, b'0', '2024-11-15 18:30:03.849909', NULL, NULL, 'Kho miền bắc', 'kha@gmail.com', 'KhaDepTrai', '098678987', '4567321', NULL),
	(7, '2024-11-15 18:11:18.587732', NULL, b'0', '2024-11-15 18:30:09.601932', NULL, NULL, 'Kho miền nam', 'quanro123@gmail.com', 'Quân Rose', '098678987', '12345678', NULL),
	(8, '2024-11-15 18:12:03.731098', NULL, b'0', '2024-11-15 18:30:19.380335', NULL, NULL, 'Kho miền đông', 'quanboy@gmail.com', 'QuânBadBoi', '0987898543', '1098456', NULL),
	(9, '2024-11-15 18:12:40.274790', NULL, b'0', '2024-11-15 18:30:32.615583', NULL, NULL, 'Kho miền tây', 'ANbesst@gmail.com', 'An Best', '0984321678', '7653458', NULL),
	(10, '2024-11-15 18:13:34.847830', NULL, b'0', '2024-11-15 18:30:43.453822', NULL, NULL, 'Kho miền bắc', 'ansigma@gmail.com', 'An sigma', '099996789', '46543178', NULL),
	(11, '2024-11-19 11:15:44.929147', NULL, b'0', '2024-11-19 11:15:44.929164', NULL, NULL, 'Hàng chất lượng cao', 'kha@gmail.com', 'Bão Kha VIP', '0979896959', '03040506', NULL),
	(12, '2024-11-22 16:00:45.782272', NULL, b'0', '2024-11-22 16:00:45.782286', NULL, NULL, 'Kho miền núi', 'tuquan123@gmail.com', 'Quân Tử', '0982784578', '989999', NULL);

-- Dumping structure for table wearItnow.users
CREATE TABLE IF NOT EXISTS `users` (
  `user_id` bigint NOT NULL AUTO_INCREMENT,
  `created_at` datetime(6) DEFAULT NULL,
  `created_by` varchar(255) DEFAULT NULL,
  `deleted` bit(1) NOT NULL,
  `updated_at` datetime(6) DEFAULT NULL,
  `updated_by` varchar(255) DEFAULT NULL,
  `dob` date DEFAULT NULL,
  `email` varchar(255) DEFAULT NULL,
  `firstname` varchar(255) DEFAULT NULL,
  `gender` bit(1) DEFAULT NULL,
  `lastname` varchar(255) DEFAULT NULL,
  `password` varchar(255) DEFAULT NULL,
  `phone` varchar(255) DEFAULT NULL,
  `username` varchar(255) DEFAULT NULL,
  `user_group_id` bigint DEFAULT NULL,
  PRIMARY KEY (`user_id`),
  KEY `FK5exbg1aqwx4y94fk3md3ji5sf` (`user_group_id`),
  CONSTRAINT `FK5exbg1aqwx4y94fk3md3ji5sf` FOREIGN KEY (`user_group_id`) REFERENCES `user_groups` (`id`)
) ENGINE=InnoDB AUTO_INCREMENT=18 DEFAULT CHARSET=utf8mb4 COLLATE=utf8mb4_0900_ai_ci;

-- Dumping data for table wearItnow.users: ~17 rows (approximately)
DELETE FROM `users`;
INSERT INTO `users` (`user_id`, `created_at`, `created_by`, `deleted`, `updated_at`, `updated_by`, `dob`, `email`, `firstname`, `gender`, `lastname`, `password`, `phone`, `username`, `user_group_id`) VALUES
	(1, '2024-11-04 15:50:16.232115', NULL, b'0', '2024-11-15 18:21:26.411568', 'admin', '2000-01-01', 'admin@gmail.com', 'Admin', b'1', 'Admin', '$2a$10$4FTdVM/EgKmdCqsBoG58q.6bjjNM2bEFvx7WvHbytO0Tdrx8Y7rb2', '09793377241', 'admin', 2),
	(2, '2024-11-05 13:17:49.382310', 'admin', b'0', '2024-11-18 22:02:36.603740', 'admin', '2000-10-10', 'anhoang552005@gmail.com', 'Hoàng', b'1', 'An', '$2a$10$h01.V7IBkiZAEM3CPwbVfuxRpvF6rcZqYFfG5dZutln6.gs6gwN6y', '0987654321', 'staff', 2),
	(3, '2024-11-05 17:16:54.298769', NULL, b'0', '2024-11-22 16:16:05.406614', 'admin', '2000-04-15', 'truongntps27766@fpt.edu.vn', 'Nguyễn ', b'1', 'Trường', '$2a$10$CX8oudB5u/GqZmoR0IIUn.6Nsy8QLg8holpyjFeu1bw1uk46jqsAW', '0365161623', 'truongKH', 2),
	(4, '2024-11-06 15:54:33.526547', NULL, b'0', '2024-11-06 15:54:33.526598', NULL, '2000-09-09', 'hoangbinhquan17@gmail.com', 'Quan', b'1', 'Hoang', '$2a$10$f7lxnsX42moMoZ3cIn67xeSFpkRXt0ejB20jLEoAWJ2C90MLQwCx.', '09213124243', 'dev', NULL),
	(5, '2024-11-06 16:06:40.527944', NULL, b'0', '2024-11-06 16:06:40.527963', NULL, '2000-09-09', 'hoangbinhquan17@gmail.com', 'Quan', b'1', 'Hoang', '$2a$10$bWpmq2CQKlZIYch/hYC7v.I5FDczZ3sYUgsaClpb9efnrhfl4/SjK', '09213124243', 'dev', NULL),
	(6, '2024-11-06 16:06:50.180910', NULL, b'0', '2024-11-13 21:08:46.198752', NULL, '2000-09-09', 'hoangbinhquan179@gmail.com', 'Quan', b'1', 'Hoang', '$2a$10$aGmD3F6m1pJG6BjDdP/DXO5o5ipY5VasuDF38tehHIdGtO0vSLvwi', '09213124243', 'dev', NULL),
	(7, '2024-11-07 23:42:40.148659', 'admin', b'0', '2024-11-07 23:42:40.148659', 'admin', '2000-02-22', 'thainhattien3011@gmail.com', 'Tien', b'1', 'Thai', '$2a$10$0O8c1Ebsj1XxuYRvf58nkODa1yahBJiXjJZBDEvNy/.mV6su3dj/C', '0976745901', 'tien', 2),
	(8, '2024-11-09 13:04:08.275463', 'admin', b'0', '2024-11-09 13:04:08.275463', 'admin', '2000-02-22', 'anhhoang@gmail.com', 'An', b'0', 'Bùi', '$2a$10$2cVLo56A8VfJOZ/nY1e9v.yih4dN/FYdYG440dO1cveA1UF1CPddW', '0987654321', 'hoangan', 4),
	(9, '2024-11-09 13:04:20.867252', 'admin', b'0', '2024-11-13 22:00:12.970550', 'admin', '2000-02-22', 'anho@gmail.com', 'An', b'1', 'Bùi', '$2a$10$DP4.tPUclbfjezmNJyrnYucc6yPZC6fGbMqXuNQDx2QjixZ/JJXgy', '0987654321', 'hoangan', 4),
	(10, '2024-11-09 13:04:46.775281', 'admin', b'0', '2024-11-19 17:56:51.565077', 'admin', '2000-02-22', 'anhhog@gmai.com', 'An', b'0', 'Bùi  Hoàng', '$2a$10$w7sBYkhGe3FVO58YxhZcyOwkHJGV0vRExiRVtTdabwKlvg5xuKUcm', '0987654321', 'hoanganaaa', 4),
	(11, '2024-11-09 13:09:36.132684', 'admin', b'0', '2024-11-09 13:09:36.133686', 'admin', '2000-02-22', 'alada@gmail.com', 'an', b'1', 'ana', '$2a$10$DvZiaIH3a2hWw2kfO1C8m.wJQoOSlLUnFHvOSy1xsmzAFTqJ0PxPa', '0987654321', 'anda', 4),
	(12, '2024-11-11 15:22:44.116686', 'admin', b'0', '2024-11-11 15:24:38.004646', 'admin', '2000-02-20', 'an@gmail.com', 'An', b'1', 'Bui', '$2a$10$fk0v101o5uZl8TyNHH4pUuYr6e6Lci6a3a0M5/br7jAgRYDmC2NiK', '0987654321', 'anbui123', 4),
	(13, '2024-11-12 16:25:37.555768', 'admin', b'0', '2024-11-13 23:34:40.771212', 'admin', '2000-02-22', 'anww123@gmail.com', 'an', b'1', 'Bui', '$2a$10$TqAf4kVFWJfGGWg6YHNJmuCCH2UtJFiy4hLLHi82fNg8fYTyoukOy', '0987654321', 'anbui20099', 4),
	(14, '2024-11-13 02:10:18.084438', NULL, b'0', '2024-11-13 02:10:18.084467', 'admin', NULL, '1111@gmail.com', 'Nguyễn', b'1', 'Trường', '$2a$10$DALt4cEJh4qL1L71YHzqP.JBh3sL5pnizjv71944RgC/WviAoQd36', NULL, 'truongKH1', 4),
	(15, '2024-11-15 18:37:55.391342', 'admin', b'0', '2024-11-15 18:37:55.391356', 'admin', '2001-01-15', 'hoangbinhquan179@gmail.com', 'Hoang', b'1', 'Quan', '$2a$10$U7kLE/uzYdLOaUR78lBi1uCyWCr1VfS7852k7MBeEuyaBr3W/l80u', '0921964792', 'quanew123456', 4),
	(16, '2024-11-17 15:16:04.179751', NULL, b'0', '2024-11-17 15:16:35.993505', 'nthieu228', '2003-08-22', 'mmxly46@gmail.com', 'nguyễn trung', b'1', 'hiếu', '$2a$10$sVj.FxnPClK9I6rHkXAbte78Ns4F0BANFiVoxwY6U7wQb3zkwTx0u', '0559126287', 'nthieu228', NULL),
	(17, '2024-11-17 20:41:10.191634', NULL, b'0', '2024-11-17 20:42:25.142520', 'vokha123', '2002-03-14', 'baokha1432003@gmail.com', 'Võ Lương Bão Kha', b'1', 'Bão Kha', '$2a$10$N0j4Tk73MOwBpS/rssIYeeC.zjY4iRmkrRkWI2NTZlQdhuQ3hgC/a', '0389583506', 'vokha123', NULL);

-- Dumping structure for table wearItnow.users_roles
CREATE TABLE IF NOT EXISTS `users_roles` (
  `roles_name` varchar(255) NOT NULL,
  `user_user_id` bigint NOT NULL,
  PRIMARY KEY (`roles_name`,`user_user_id`),
  KEY `FK27iuqlfirca39l6y61p4p4qo2` (`user_user_id`),
  CONSTRAINT `FK27iuqlfirca39l6y61p4p4qo2` FOREIGN KEY (`user_user_id`) REFERENCES `users` (`user_id`),
  CONSTRAINT `FKmi9sfx618v14gm89cyw408hqu` FOREIGN KEY (`roles_name`) REFERENCES `roles` (`name`)
) ENGINE=InnoDB DEFAULT CHARSET=utf8mb4 COLLATE=utf8mb4_0900_ai_ci;

-- Dumping data for table wearItnow.users_roles: ~18 rows (approximately)
DELETE FROM `users_roles`;
INSERT INTO `users_roles` (`roles_name`, `user_user_id`) VALUES
	('DIRECTOR', 1),
	('CUSTOMER', 2),
	('CUSTOMER', 3),
	('STAFF', 4),
	('STAFF', 5),
	('STAFF', 6),
	('CUSTOMER', 7),
	('STAFF', 8),
	('STAFF', 9),
	('CUSTOMER', 10),
	('STAFF', 11),
	('CUSTOMER', 12),
	('CUSTOMER', 13),
	('STAFF', 13),
	('STAFF', 14),
	('STAFF', 15),
	('CUSTOMER', 16),
	('CUSTOMER', 17);

-- Dumping structure for table wearItnow.user_address_group
CREATE TABLE IF NOT EXISTS `user_address_group` (
  `id` int NOT NULL AUTO_INCREMENT,
  `created_at` datetime(6) DEFAULT NULL,
  `created_by` varchar(255) DEFAULT NULL,
  `deleted` bit(1) NOT NULL,
  `updated_at` datetime(6) DEFAULT NULL,
  `updated_by` varchar(255) DEFAULT NULL,
  `is_active` bit(1) DEFAULT NULL,
  `to_address` varchar(255) DEFAULT NULL,
  `to_district_id` int DEFAULT NULL,
  `to_district_name` varchar(255) DEFAULT NULL,
  `to_name` varchar(255) DEFAULT NULL,
  `to_phone` varchar(255) DEFAULT NULL,
  `to_province_id` int DEFAULT NULL,
  `to_province_name` varchar(255) DEFAULT NULL,
  `to_ward_code` varchar(255) DEFAULT NULL,
  `to_ward_name` varchar(255) DEFAULT NULL,
  `user_id` bigint NOT NULL,
  PRIMARY KEY (`id`),
  KEY `FKeg8q2dxj9majlc3o8iut82xuv` (`user_id`),
  CONSTRAINT `FKeg8q2dxj9majlc3o8iut82xuv` FOREIGN KEY (`user_id`) REFERENCES `users` (`user_id`)
) ENGINE=InnoDB AUTO_INCREMENT=58 DEFAULT CHARSET=utf8mb4 COLLATE=utf8mb4_0900_ai_ci;

-- Dumping data for table wearItnow.user_address_group: ~12 rows (approximately)
DELETE FROM `user_address_group`;
INSERT INTO `user_address_group` (`id`, `created_at`, `created_by`, `deleted`, `updated_at`, `updated_by`, `is_active`, `to_address`, `to_district_id`, `to_district_name`, `to_name`, `to_phone`, `to_province_id`, `to_province_name`, `to_ward_code`, `to_ward_name`, `user_id`) VALUES
	(12, '2024-11-06 11:57:51.450357', NULL, b'0', '2024-11-23 08:23:14.353777', NULL, b'1', 'Số 10, đường ABC, phường XYZ', 1, 'District Name', 'Nguyễn Văn B', '0987654321', 10, 'Province Name', '01A', 'Ward Name', 1),
	(13, NULL, NULL, b'0', '2024-11-15 18:55:18.104951', NULL, b'0', 'Long Hau', 1770, 'Phu Cat', 'Thai Nhat Tien', '0976745901', 262, 'Binh Dinh', '370614', 'Cat Thang', 7),
	(19, '2024-11-12 22:26:43.245251', NULL, b'0', '2024-11-20 23:04:10.302370', NULL, b'0', 'Số 10, đường ABC, phường XYZ', 1, 'District Name', 'Nguyễn Văn B', '0987654321', 10, 'Province Name', '01A', 'Ward Name', 2),
	(41, '2024-11-15 18:55:18.111576', NULL, b'0', '2024-11-15 18:55:18.111595', NULL, b'0', '12334, Phường 6, Quận Tân Bình, Hồ Chí Minh', 1455, 'Quận Tân Bình', 'bùi hoàng an', '0987654321', 202, 'Hồ Chí Minh', '21406', 'Phường 6', 7),
	(42, '2024-11-16 22:43:29.812652', NULL, b'0', '2024-11-22 16:21:38.261294', NULL, b'0', 'Abc, Xã Tam Thanh, Huyện đảo Phú Quý, Bình Thuận', 2116, 'Huyện đảo Phú Quý', 'Quân', '0988777111', 258, 'Bình Thuận', '470903', 'Xã Tam Thanh', 1),
	(43, '2024-11-16 22:43:47.729424', NULL, b'0', '2024-11-22 23:44:20.786077', NULL, b'0', 'ABc, Xã Viên An, Huyện Ngọc Hiển, Cà Mau', 2186, 'Huyện Ngọc Hiển', 'Bình', '0999888777', 252, 'Cà Mau', '610706', 'Xã Viên An', 15),
	(44, '2024-11-17 15:28:31.337702', NULL, b'0', '2024-11-17 15:28:31.337716', NULL, b'0', 'thôn thánh giáo, Xã Ia Krêl, Huyện Đức Cơ, Gia Lai', 1794, 'Huyện Đức Cơ', 'nguyễn trung hiếu', '0905191840', 207, 'Gia Lai', '380706', 'Xã Ia Krêl', 16),
	(45, '2024-11-17 15:52:33.768024', NULL, b'0', '2024-11-17 15:52:33.768038', NULL, b'0', '123 Đường ABC, Phường XYZ, Quận 1, TP.HCM', 1444, 'Quận A', 'Nguyễn Văn A', '0979337725', 12345, 'TP HCM', '20308', 'Phường B', 1),
	(52, '2024-11-19 04:05:43.197101', NULL, b'0', '2024-11-20 23:08:34.634739', NULL, b'0', '123, Thị Trấn Si Ma Cai, Huyện Si Ma Cai, Lào Cai', 2264, 'Huyện Si Ma Cai', 'Nguyễn ', '0365161623', 269, 'Lào Cai', '90816', 'Thị Trấn Si Ma Cai', 3),
	(55, '2024-11-20 20:27:07.571615', NULL, b'0', '2024-11-20 23:58:40.492558', NULL, b'0', '123, Phường Quyết Tiến, Thành phố Lai Châu, Lai Châu', 1675, 'Thành phố Lai Châu', 'Trường Thanh', '123456789', 264, 'Lai Châu', '70104', 'Phường Quyết Tiến', 3),
	(56, '2024-11-22 23:44:20.791247', NULL, b'0', '2024-11-22 23:44:20.791251', NULL, b'1', 'abc, Xã Tam Thanh, Huyện đảo Phú Quý, Bình Thuận', 2116, 'Huyện đảo Phú Quý', 'abc', '0979888113', 258, 'Bình Thuận', '470903', 'Xã Tam Thanh', 15),
	(57, '2024-11-23 09:19:08.866983', NULL, b'0', '2024-11-23 08:23:14.662837', NULL, b'0', 'Số 10, đường ABC, phường XYZ', 1, 'District Name', 'Nguyễn Văn B', '0987654321', 10, 'Province Name', '01A', 'Ward Name', 1);

-- Dumping structure for table wearItnow.user_groups
CREATE TABLE IF NOT EXISTS `user_groups` (
  `id` bigint NOT NULL AUTO_INCREMENT,
  `created_at` datetime(6) DEFAULT NULL,
  `created_by` varchar(255) DEFAULT NULL,
  `deleted` bit(1) NOT NULL,
  `updated_at` datetime(6) DEFAULT NULL,
  `updated_by` varchar(255) DEFAULT NULL,
  `name` varchar(255) NOT NULL,
  PRIMARY KEY (`id`)
) ENGINE=InnoDB AUTO_INCREMENT=7 DEFAULT CHARSET=utf8mb4 COLLATE=utf8mb4_0900_ai_ci;

-- Dumping data for table wearItnow.user_groups: ~4 rows (approximately)
DELETE FROM `user_groups`;
INSERT INTO `user_groups` (`id`, `created_at`, `created_by`, `deleted`, `updated_at`, `updated_by`, `name`) VALUES
	(2, '2024-11-08 22:45:14.129945', NULL, b'0', '2024-11-08 22:45:14.129945', NULL, 'CUSTOMER'),
	(4, '2024-11-08 22:49:01.603530', NULL, b'0', '2024-11-08 22:49:01.603530', NULL, 'STAFF'),
	(5, '2024-11-08 22:49:34.618767', NULL, b'0', '2024-11-08 22:49:34.618767', NULL, 'VIP'),
	(6, '2024-11-10 15:34:45.322437', NULL, b'0', '2024-11-10 15:34:45.322437', NULL, 'ALL');

/*!40103 SET TIME_ZONE=IFNULL(@OLD_TIME_ZONE, 'system') */;
/*!40101 SET SQL_MODE=IFNULL(@OLD_SQL_MODE, '') */;
/*!40014 SET FOREIGN_KEY_CHECKS=IFNULL(@OLD_FOREIGN_KEY_CHECKS, 1) */;
/*!40101 SET CHARACTER_SET_CLIENT=@OLD_CHARACTER_SET_CLIENT */;
/*!40111 SET SQL_NOTES=IFNULL(@OLD_SQL_NOTES, 1) */;
